id,embedding_index,image_url,clip_success
94979,0,https://openaccess-cdn.clevelandart.org/1915.534/1915.534_web.jpg,True
102578,1,https://openaccess-cdn.clevelandart.org/1921.1239/1921.1239_web.jpg,True
92937,2,https://openaccess-cdn.clevelandart.org/1922.1133/1922.1133_web.jpg,True
151904,3,https://openaccess-cdn.clevelandart.org/1927.1984/1927.1984_web.jpg,True
110180,4,https://openaccess-cdn.clevelandart.org/1928.8/1928.8_web.jpg,True
137259,5,https://openaccess-cdn.clevelandart.org/1962.2/1962.2_web.jpg,True
141639,6,https://openaccess-cdn.clevelandart.org/1965.233/1965.233_web.jpg,True
149410,7,https://openaccess-cdn.clevelandart.org/1978.63/1978.63_web.jpg,True
149112,8,https://openaccess-cdn.clevelandart.org/1977.43/1977.43_web.jpg,True
125249,9,https://openaccess-cdn.clevelandart.org/1947.209/1947.209_web.jpg,True
135299,10,https://openaccess-cdn.clevelandart.org/1958.31/1958.31_web.jpg,True
93014,11,https://openaccess-cdn.clevelandart.org/1917.1335/1917.1335_web.jpg,True
135382,12,https://openaccess-cdn.clevelandart.org/1958.39/1958.39_web.jpg,True
128391,13,https://openaccess-cdn.clevelandart.org/1951.355/1951.355_web.jpg,True
140161,14,https://openaccess-cdn.clevelandart.org/1964.160/1964.160_web.jpg,True
125104,15,https://openaccess-cdn.clevelandart.org/1946.83/1946.83_web.jpg,True
122349,16,https://openaccess-cdn.clevelandart.org/1942.645/1942.645_web.jpg,True
109245,17,https://openaccess-cdn.clevelandart.org/1927.393/1927.393_web.jpg,True
160885,18,https://openaccess-cdn.clevelandart.org/1999.173/1999.173_web.jpg,True
140408,19,https://openaccess-cdn.clevelandart.org/1964.351/1964.351_web.jpg,True
117032,20,https://openaccess-cdn.clevelandart.org/1937.577/1937.577_web.jpg,True
135428,21,https://openaccess-cdn.clevelandart.org/1958.425/1958.425_web.jpg,True
150389,22,https://openaccess-cdn.clevelandart.org/1981.18/1981.18_web.jpg,True
138359,23,https://openaccess-cdn.clevelandart.org/1962.292/1962.292_web.jpg,True
98268,24,https://openaccess-cdn.clevelandart.org/1917.946/1917.946_web.jpg,True
122351,25,https://openaccess-cdn.clevelandart.org/1942.647/1942.647_web.jpg,True
148758,26,https://openaccess-cdn.clevelandart.org/1976.2/1976.2_web.jpg,True
126769,27,https://openaccess-cdn.clevelandart.org/1949.186/1949.186_web.jpg,True
135214,28,https://openaccess-cdn.clevelandart.org/1958.23/1958.23_web.jpg,True
135661,29,https://openaccess-cdn.clevelandart.org/1959.190/1959.190_web.jpg,True
134072,30,https://openaccess-cdn.clevelandart.org/1956.578/1956.578_web.jpg,True
97155,31,https://openaccess-cdn.clevelandart.org/1916.793/1916.793_web.jpg,True
124089,32,https://openaccess-cdn.clevelandart.org/1944.90/1944.90_web.jpg,True
136510,33,https://openaccess-cdn.clevelandart.org/1960.81/1960.81_web.jpg,True
155783,34,https://openaccess-cdn.clevelandart.org/1991.110/1991.110_web.jpg,True
136911,35,https://openaccess-cdn.clevelandart.org/1961.39/1961.39_web.jpg,True
147017,36,https://openaccess-cdn.clevelandart.org/1972.48/1972.48_web.jpg,True
149768,37,https://openaccess-cdn.clevelandart.org/1979.80/1979.80_web.jpg,True
143602,38,https://openaccess-cdn.clevelandart.org/1967.63/1967.63_web.jpg,True
122338,39,https://openaccess-cdn.clevelandart.org/1942.635/1942.635_web.jpg,True
149665,40,https://openaccess-cdn.clevelandart.org/1979.57/1979.57_web.jpg,True
171296,41,https://openaccess-cdn.clevelandart.org/2014.12/2014.12_web.jpg,True
128392,42,https://openaccess-cdn.clevelandart.org/1951.356/1951.356_web.jpg,True
128842,43,https://openaccess-cdn.clevelandart.org/1951.454/1951.454_web.jpg,True
147938,44,https://openaccess-cdn.clevelandart.org/1974.39/1974.39_web.jpg,True
153603,45,https://openaccess-cdn.clevelandart.org/1987.136/1987.136_web.jpg,True
155860,46,https://openaccess-cdn.clevelandart.org/1991.163/1991.163_web.jpg,True
160289,47,https://openaccess-cdn.clevelandart.org/1998.168/1998.168_web.jpg,True
138464,48,https://openaccess-cdn.clevelandart.org/1962.37/1962.37_web.jpg,True
127571,49,https://openaccess-cdn.clevelandart.org/1950.250/1950.250_web.jpg,True
283088,50,https://openaccess-cdn.clevelandart.org/2016.32/2016.32_web.jpg,True
103366,51,https://openaccess-cdn.clevelandart.org/1921.428/1921.428_web.jpg,True
140078,52,https://openaccess-cdn.clevelandart.org/1963.91/1963.91_web.jpg,True
145450,53,https://openaccess-cdn.clevelandart.org/1971.1/1971.1_web.jpg,True
142792,54,https://openaccess-cdn.clevelandart.org/1966.49/1966.49_web.jpg,True
146148,55,https://openaccess-cdn.clevelandart.org/1971.47/1971.47_web.jpg,True
113202,56,https://openaccess-cdn.clevelandart.org/1932.227/1932.227_web.jpg,True
131819,57,https://openaccess-cdn.clevelandart.org/1954.392/1954.392_web.jpg,True
172815,58,https://openaccess-cdn.clevelandart.org/1922.684/1922.684_web.jpg,True
159234,59,https://openaccess-cdn.clevelandart.org/1995.5/1995.5_web.jpg,True
106088,60,https://openaccess-cdn.clevelandart.org/1924.195/1924.195_web.jpg,True
145463,61,https://openaccess-cdn.clevelandart.org/1971.101/1971.101_web.jpg,True
115405,62,https://openaccess-cdn.clevelandart.org/1936.19/1936.19_web.jpg,True
135310,63,https://openaccess-cdn.clevelandart.org/1958.32/1958.32_web.jpg,True
144743,64,https://openaccess-cdn.clevelandart.org/1969.53/1969.53_web.jpg,True
168322,65,https://openaccess-cdn.clevelandart.org/2010.154/2010.154_web.jpg,True
135336,66,https://openaccess-cdn.clevelandart.org/1958.34/1958.34_web.jpg,True
135185,67,https://openaccess-cdn.clevelandart.org/1958.21/1958.21_web.jpg,True
121188,68,https://openaccess-cdn.clevelandart.org/1942.1065/1942.1065_web.jpg,True
123168,69,https://openaccess-cdn.clevelandart.org/1943.392/1943.392_web.jpg,True
141935,70,https://openaccess-cdn.clevelandart.org/1965.474/1965.474_web.jpg,True
136680,71,https://openaccess-cdn.clevelandart.org/1961.219/1961.219_web.jpg,True
136217,72,https://openaccess-cdn.clevelandart.org/1960.117/1960.117_web.jpg,True
135420,73,https://openaccess-cdn.clevelandart.org/1958.42/1958.42_web.jpg,True
144961,74,https://openaccess-cdn.clevelandart.org/1970.156/1970.156_web.jpg,True
114684,75,https://openaccess-cdn.clevelandart.org/1934.29/1934.29_web.jpg,True
142298,76,https://openaccess-cdn.clevelandart.org/1966.13/1966.13_web.jpg,True
129300,77,https://openaccess-cdn.clevelandart.org/1952.17/1952.17_web.jpg,True
145473,78,https://openaccess-cdn.clevelandart.org/1971.102/1971.102_web.jpg,True
149105,79,https://openaccess-cdn.clevelandart.org/1977.37.1/1977.37.1_web.jpg,True
149107,80,https://openaccess-cdn.clevelandart.org/1977.37.3/1977.37.3_web.jpg,True
108541,81,https://openaccess-cdn.clevelandart.org/1926.247/1926.247_web.jpg,True
149108,82,https://openaccess-cdn.clevelandart.org/1977.37.4/1977.37.4_web.jpg,True
173641,83,https://openaccess-cdn.clevelandart.org/1915.722/1915.722_web.jpg,True
97165,84,https://openaccess-cdn.clevelandart.org/1916.801/1916.801_web.jpg,True
145960,85,https://openaccess-cdn.clevelandart.org/1971.166/1971.166_web.jpg,True
170235,86,https://openaccess-cdn.clevelandart.org/2012.41/2012.41_web.jpg,True
132367,87,https://openaccess-cdn.clevelandart.org/1954.834/1954.834_web.jpg,True
128072,88,https://openaccess-cdn.clevelandart.org/1950.89/1950.89_web.jpg,True
146416,89,https://openaccess-cdn.clevelandart.org/1972.119/1972.119_web.jpg,True
130457,90,https://openaccess-cdn.clevelandart.org/1953.212/1953.212_web.jpg,True
99445,91,https://openaccess-cdn.clevelandart.org/1919.1018/1919.1018_web.jpg,True
131820,92,https://openaccess-cdn.clevelandart.org/1954.393/1954.393_web.jpg,True
97166,93,https://openaccess-cdn.clevelandart.org/1916.802/1916.802_web.jpg,True
92936,94,https://openaccess-cdn.clevelandart.org/1922.1132/1922.1132_web.jpg,True
149106,95,https://openaccess-cdn.clevelandart.org/1977.37.2/1977.37.2_web.jpg,True
172828,96,https://openaccess-cdn.clevelandart.org/1933.2291/1933.2291_web.jpg,True
148301,97,https://openaccess-cdn.clevelandart.org/1975.3/1975.3_web.jpg,True
99443,98,https://openaccess-cdn.clevelandart.org/1919.1016/1919.1016_web.jpg,True
125247,99,https://openaccess-cdn.clevelandart.org/1947.207/1947.207_web.jpg,True
148297,100,https://openaccess-cdn.clevelandart.org/1975.263/1975.263_web.jpg,True
108555,101,https://openaccess-cdn.clevelandart.org/1926.26/1926.26_web.jpg,True
124092,102,https://openaccess-cdn.clevelandart.org/1944.93/1944.93_web.jpg,True
111479,103,https://openaccess-cdn.clevelandart.org/1929.96/1929.96_web.jpg,True
93234,104,https://openaccess-cdn.clevelandart.org/1926.1653/1926.1653_web.jpg,True
128838,105,https://openaccess-cdn.clevelandart.org/1951.453/1951.453_web.jpg,True
302209,106,https://openaccess-cdn.clevelandart.org/2017.100/2017.100_web.jpg,True
142476,107,https://openaccess-cdn.clevelandart.org/1966.238/1966.238_web.jpg,True
130392,108,https://openaccess-cdn.clevelandart.org/1953.156/1953.156_web.jpg,True
136311,109,https://openaccess-cdn.clevelandart.org/1960.193/1960.193_web.jpg,True
99429,110,https://openaccess-cdn.clevelandart.org/1919.1006/1919.1006_web.jpg,True
163042,111,https://openaccess-cdn.clevelandart.org/2003.6.3/2003.6.3_web.jpg,True
163043,112,https://openaccess-cdn.clevelandart.org/2003.6.4/2003.6.4_web.jpg,True
155871,113,https://openaccess-cdn.clevelandart.org/1991.173/1991.173_web.jpg,True
124679,114,https://openaccess-cdn.clevelandart.org/1946.164/1946.164_web.jpg,True
128074,115,https://openaccess-cdn.clevelandart.org/1950.90/1950.90_web.jpg,True
109507,116,https://openaccess-cdn.clevelandart.org/1928.16/1928.16_web.jpg,True
113164,117,https://openaccess-cdn.clevelandart.org/1932.179/1932.179_web.jpg,True
118679,118,https://openaccess-cdn.clevelandart.org/1939.68/1939.68_web.jpg,True
141549,119,https://openaccess-cdn.clevelandart.org/1965.15/1965.15_web.jpg,True
143803,120,https://openaccess-cdn.clevelandart.org/1968.23/1968.23_web.jpg,True
156813,121,https://openaccess-cdn.clevelandart.org/1992.398/1992.398_web.jpg,True
135173,122,https://openaccess-cdn.clevelandart.org/1958.20/1958.20_web.jpg,True
123435,123,https://openaccess-cdn.clevelandart.org/1943.659/1943.659_web.jpg,True
122348,124,https://openaccess-cdn.clevelandart.org/1942.644/1942.644_web.jpg,True
135875,125,https://openaccess-cdn.clevelandart.org/1959.38/1959.38_web.jpg,True
134430,126,https://openaccess-cdn.clevelandart.org/1956.87/1956.87_web.jpg,True
136682,127,https://openaccess-cdn.clevelandart.org/1961.220/1961.220_web.jpg,True
136922,128,https://openaccess-cdn.clevelandart.org/1961.40/1961.40_web.jpg,True
136207,129,https://openaccess-cdn.clevelandart.org/1960.108/1960.108_web.jpg,True
95287,130,https://openaccess-cdn.clevelandart.org/1916.1056/1916.1056_web.jpg,True
141476,131,https://openaccess-cdn.clevelandart.org/1964.89/1964.89_web.jpg,True
122340,132,https://openaccess-cdn.clevelandart.org/1942.637/1942.637_web.jpg,True
92844,133,https://openaccess-cdn.clevelandart.org/2020.110/2020.110_web.jpg,True
130163,134,https://openaccess-cdn.clevelandart.org/1952.542/1952.542_web.jpg,True
136509,135,https://openaccess-cdn.clevelandart.org/1960.80/1960.80_web.jpg,True
138881,136,https://openaccess-cdn.clevelandart.org/1963.252/1963.252_web.jpg,True
148963,137,https://openaccess-cdn.clevelandart.org/1977.120/1977.120_web.jpg,True
143278,138,https://openaccess-cdn.clevelandart.org/1967.215/1967.215_web.jpg,True
543981,139,https://openaccess-cdn.clevelandart.org/2023.122/2023.122_web.jpg,True
147479,140,https://openaccess-cdn.clevelandart.org/1973.212/1973.212_web.jpg,True
115783,141,https://openaccess-cdn.clevelandart.org/1936.496/1936.496_web.jpg,True
141168,142,https://openaccess-cdn.clevelandart.org/1964.420/1964.420_web.jpg,True
122347,143,https://openaccess-cdn.clevelandart.org/1942.643/1942.643_web.jpg,True
153406,144,https://openaccess-cdn.clevelandart.org/1986.9/1986.9_web.jpg,True
90249,145,https://openaccess-cdn.clevelandart.org/2015.517/2015.517_web.jpg,True
145999,146,https://openaccess-cdn.clevelandart.org/1971.2/1971.2_web.jpg,True
151971,147,https://openaccess-cdn.clevelandart.org/1984.43/1984.43_web.jpg,True
96263,148,https://openaccess-cdn.clevelandart.org/1916.1979.1/1916.1979.1_web.jpg,True
137195,149,https://openaccess-cdn.clevelandart.org/1962.151/1962.151_web.jpg,True
111435,150,https://openaccess-cdn.clevelandart.org/1929.920/1929.920_web.jpg,True
140148,151,https://openaccess-cdn.clevelandart.org/1964.150/1964.150_web.jpg,True
147020,152,https://openaccess-cdn.clevelandart.org/1972.50/1972.50_web.jpg,True
148966,153,https://openaccess-cdn.clevelandart.org/1977.123/1977.123_web.jpg,True
95272,154,https://openaccess-cdn.clevelandart.org/1916.1044/1916.1044_web.jpg,True
122345,155,https://openaccess-cdn.clevelandart.org/1942.641/1942.641_web.jpg,True
128394,156,https://openaccess-cdn.clevelandart.org/1951.358/1951.358_web.jpg,True
143206,157,https://openaccess-cdn.clevelandart.org/1967.17/1967.17_web.jpg,True
128363,158,https://openaccess-cdn.clevelandart.org/1951.323/1951.323_web.jpg,True
150841,159,https://openaccess-cdn.clevelandart.org/1982.247/1982.247_web.jpg,True
134237,160,https://openaccess-cdn.clevelandart.org/1956.719/1956.719_web.jpg,True
144968,161,https://openaccess-cdn.clevelandart.org/1970.162/1970.162_web.jpg,True
135238,162,https://openaccess-cdn.clevelandart.org/1958.25/1958.25_web.jpg,True
150083,163,https://openaccess-cdn.clevelandart.org/1980.288/1980.288_web.jpg,True
139729,164,https://openaccess-cdn.clevelandart.org/1963.502/1963.502_web.jpg,True
144967,165,https://openaccess-cdn.clevelandart.org/1970.161/1970.161_web.jpg,True
144966,166,https://openaccess-cdn.clevelandart.org/1970.160/1970.160_web.jpg,True
152006,167,https://openaccess-cdn.clevelandart.org/1984.59/1984.59_web.jpg,True
167142,168,https://openaccess-cdn.clevelandart.org/2009.157/2009.157_web.jpg,True
145452,169,https://openaccess-cdn.clevelandart.org/1971.100/1971.100_web.jpg,True
122344,170,https://openaccess-cdn.clevelandart.org/1942.640/1942.640_web.jpg,True
153389,171,https://openaccess-cdn.clevelandart.org/1986.74/1986.74_web.jpg,True
154244,172,https://openaccess-cdn.clevelandart.org/1988.57/1988.57_web.jpg,True
157501,173,https://openaccess-cdn.clevelandart.org/1994.4/1994.4_web.jpg,True
112856,174,https://openaccess-cdn.clevelandart.org/1931.449/1931.449_web.jpg,True
173167,175,https://openaccess-cdn.clevelandart.org/1915.682/1915.682_web.jpg,True
108809,176,https://openaccess-cdn.clevelandart.org/1926.488/1926.488_web.jpg,True
91231,177,https://openaccess-cdn.clevelandart.org/2020.105/2020.105_web.jpg,True
155822,178,https://openaccess-cdn.clevelandart.org/1991.134.2/1991.134.2_web.jpg,True
159488,179,https://openaccess-cdn.clevelandart.org/1996.26/1996.26_web.jpg,True
143140,180,https://openaccess-cdn.clevelandart.org/1967.125/1967.125_web.jpg,True
95259,181,https://openaccess-cdn.clevelandart.org/1916.1032/1916.1032_web.jpg,True
143234,182,https://openaccess-cdn.clevelandart.org/1967.19/1967.19_web.jpg,True
136470,183,https://openaccess-cdn.clevelandart.org/1960.47/1960.47_web.jpg,True
108999,184,https://openaccess-cdn.clevelandart.org/1927.171/1927.171_web.jpg,True
143477,185,https://openaccess-cdn.clevelandart.org/1967.5/1967.5_web.jpg,True
121946,186,https://openaccess-cdn.clevelandart.org/1942.247/1942.247_web.jpg,True
156420,187,https://openaccess-cdn.clevelandart.org/1992.2/1992.2_web.jpg,True
141641,188,https://openaccess-cdn.clevelandart.org/1965.235/1965.235_web.jpg,True
170082,189,https://openaccess-cdn.clevelandart.org/2012.30/2012.30_web.jpg,True
169545,190,https://openaccess-cdn.clevelandart.org/2011.37/2011.37_web.jpg,True
130391,191,https://openaccess-cdn.clevelandart.org/1953.155/1953.155_web.jpg,True
134610,192,https://openaccess-cdn.clevelandart.org/1957.141/1957.141_web.jpg,True
125234,193,https://openaccess-cdn.clevelandart.org/1947.196/1947.196_web.jpg,True
151969,194,https://openaccess-cdn.clevelandart.org/1984.41/1984.41_web.jpg,True
113945,195,https://openaccess-cdn.clevelandart.org/1933.220/1933.220_web.jpg,True
149978,196,https://openaccess-cdn.clevelandart.org/1980.202/1980.202_web.jpg,True
307326,197,https://openaccess-cdn.clevelandart.org/2018.1/2018.1_web.jpg,True
159309,198,https://openaccess-cdn.clevelandart.org/1996.1/1996.1_web.jpg,True
122223,199,https://openaccess-cdn.clevelandart.org/1942.536/1942.536_web.jpg,True
143761,200,https://openaccess-cdn.clevelandart.org/1968.20/1968.20_web.jpg,True
97157,201,https://openaccess-cdn.clevelandart.org/1916.795/1916.795_web.jpg,True
115394,202,https://openaccess-cdn.clevelandart.org/1936.18/1936.18_web.jpg,True
117774,203,https://openaccess-cdn.clevelandart.org/1938.392/1938.392_web.jpg,True
124078,204,https://openaccess-cdn.clevelandart.org/1944.80/1944.80_web.jpg,True
134607,205,https://openaccess-cdn.clevelandart.org/1957.139/1957.139_web.jpg,True
143772,206,https://openaccess-cdn.clevelandart.org/1968.21/1968.21_web.jpg,True
169684,207,https://openaccess-cdn.clevelandart.org/2011.49/2011.49_web.jpg,True
124080,208,https://openaccess-cdn.clevelandart.org/1944.82/1944.82_web.jpg,True
127573,209,https://openaccess-cdn.clevelandart.org/1950.252/1950.252_web.jpg,True
141929,210,https://openaccess-cdn.clevelandart.org/1965.469/1965.469_web.jpg,True
139727,211,https://openaccess-cdn.clevelandart.org/1963.500/1963.500_web.jpg,True
122346,212,https://openaccess-cdn.clevelandart.org/1942.642/1942.642_web.jpg,True
443541,213,https://openaccess-cdn.clevelandart.org/2021.148/2021.148_web.jpg,True
94966,214,https://openaccess-cdn.clevelandart.org/1915.527/1915.527_web.jpg,True
150115,215,https://openaccess-cdn.clevelandart.org/1980.37/1980.37_web.jpg,True
294155,216,https://openaccess-cdn.clevelandart.org/2017.4/2017.4_web.jpg,True
129220,217,https://openaccess-cdn.clevelandart.org/1952.112/1952.112_web.jpg,True
150851,218,https://openaccess-cdn.clevelandart.org/1982.256/1982.256_web.jpg,True
140152,219,https://openaccess-cdn.clevelandart.org/1964.153/1964.153_web.jpg,True
149769,220,https://openaccess-cdn.clevelandart.org/1979.81/1979.81_web.jpg,True
124256,221,https://openaccess-cdn.clevelandart.org/1945.25/1945.25_web.jpg,True
124040,222,https://openaccess-cdn.clevelandart.org/1944.524/1944.524_web.jpg,True
130497,223,https://openaccess-cdn.clevelandart.org/1953.247/1953.247_web.jpg,True
132015,224,https://openaccess-cdn.clevelandart.org/1954.582/1954.582_web.jpg,True
135480,225,https://openaccess-cdn.clevelandart.org/1958.47/1958.47_web.jpg,True
135595,226,https://openaccess-cdn.clevelandart.org/1959.138/1959.138_web.jpg,True
124076,227,https://openaccess-cdn.clevelandart.org/1944.79/1944.79_web.jpg,True
142384,228,https://openaccess-cdn.clevelandart.org/1966.2/1966.2_web.jpg,True
144732,229,https://openaccess-cdn.clevelandart.org/1969.52/1969.52_web.jpg,True
115067,230,https://openaccess-cdn.clevelandart.org/1935.233/1935.233_web.jpg,True
142472,231,https://openaccess-cdn.clevelandart.org/1966.237/1966.237_web.jpg,True
95265,232,https://openaccess-cdn.clevelandart.org/1916.1038/1916.1038_web.jpg,True
100489,233,https://openaccess-cdn.clevelandart.org/1919.910/1919.910_web.jpg,True
136668,234,https://openaccess-cdn.clevelandart.org/1961.206/1961.206_web.jpg,True
97136,235,https://openaccess-cdn.clevelandart.org/1916.776/1916.776_web.jpg,True
111691,236,https://openaccess-cdn.clevelandart.org/1930.22/1930.22_web.jpg,True
153382,237,https://openaccess-cdn.clevelandart.org/1986.68/1986.68_web.jpg,True
125951,238,https://openaccess-cdn.clevelandart.org/1948.183/1948.183_web.jpg,True
106094,239,https://openaccess-cdn.clevelandart.org/1924.199/1924.199_web.jpg,True
127572,240,https://openaccess-cdn.clevelandart.org/1950.251/1950.251_web.jpg,True
135964,241,https://openaccess-cdn.clevelandart.org/1959.46/1959.46_web.jpg,True
153733,242,https://openaccess-cdn.clevelandart.org/1987.39/1987.39_web.jpg,True
93015,243,https://openaccess-cdn.clevelandart.org/1923.1339/1923.1339_web.jpg,True
320778,244,https://openaccess-cdn.clevelandart.org/2019.18/2019.18_web.jpg,True
676387,245,https://openaccess-cdn.clevelandart.org/2025.138/2025.138_web.jpg,True
122350,246,https://openaccess-cdn.clevelandart.org/1942.646/1942.646_web.jpg,True
151517,247,https://openaccess-cdn.clevelandart.org/1983.69/1983.69_web.jpg,True
95286,248,https://openaccess-cdn.clevelandart.org/1916.1055/1916.1055_web.jpg,True
133068,249,https://openaccess-cdn.clevelandart.org/1955.49/1955.49_web.jpg,True
123024,250,https://openaccess-cdn.clevelandart.org/1943.280/1943.280_web.jpg,True
149791,251,https://openaccess-cdn.clevelandart.org/1980.10/1980.10_web.jpg,True
155626,252,https://openaccess-cdn.clevelandart.org/1990.7/1990.7_web.jpg,True
148852,253,https://openaccess-cdn.clevelandart.org/1976.91/1976.91_web.jpg,True
83373,254,https://openaccess-cdn.clevelandart.org/2020.119/2020.119_web.jpg,True
93239,255,https://openaccess-cdn.clevelandart.org/1926.1664/1926.1664_web.jpg,True
139454,256,https://openaccess-cdn.clevelandart.org/1963.262/1963.262_web.jpg,True
136507,257,https://openaccess-cdn.clevelandart.org/1960.79/1960.79_web.jpg,True
148395,258,https://openaccess-cdn.clevelandart.org/1976.1/1976.1_web.jpg,True
172784,259,https://openaccess-cdn.clevelandart.org/1930.2162/1930.2162_web.jpg,True
142559,260,https://openaccess-cdn.clevelandart.org/1966.3/1966.3_web.jpg,True
170835,261,https://openaccess-cdn.clevelandart.org/2013.325/2013.325_web.jpg,True
148368,262,https://openaccess-cdn.clevelandart.org/1975.80/1975.80_web.jpg,True
130707,263,https://openaccess-cdn.clevelandart.org/1953.424/1953.424_web.jpg,True
149683,264,https://openaccess-cdn.clevelandart.org/1979.71/1979.71_web.jpg,True
146727,265,https://openaccess-cdn.clevelandart.org/1972.17.2/1972.17.2_web.jpg,True
148861,266,https://openaccess-cdn.clevelandart.org/1976.97.1/1976.97.1_web.jpg,True
167456,267,https://openaccess-cdn.clevelandart.org/2009.269/2009.269_web.jpg,True
150693,268,https://openaccess-cdn.clevelandart.org/1982.124/1982.124_web.jpg,True
136472,269,https://openaccess-cdn.clevelandart.org/1960.49/1960.49_web.jpg,True
314241,270,https://openaccess-cdn.clevelandart.org/2018.107/2018.107_web.jpg,True
130361,271,https://openaccess-cdn.clevelandart.org/1953.126/1953.126_web.jpg,True
162623,272,https://openaccess-cdn.clevelandart.org/2003.225/2003.225_web.jpg,True
145925,273,https://openaccess-cdn.clevelandart.org/1971.137/1971.137_web.jpg,True
144689,274,https://openaccess-cdn.clevelandart.org/1969.31/1969.31_web.jpg,True
160137,275,https://openaccess-cdn.clevelandart.org/1997.95/1997.95_web.jpg,True
515375,276,https://openaccess-cdn.clevelandart.org/2022.86/2022.86_web.jpg,True
161595,277,https://openaccess-cdn.clevelandart.org/2000.17/2000.17_web.jpg,True
114776,278,https://openaccess-cdn.clevelandart.org/1934.373/1934.373_web.jpg,True
122341,279,https://openaccess-cdn.clevelandart.org/1942.638/1942.638_web.jpg,True
124796,280,https://openaccess-cdn.clevelandart.org/1946.277/1946.277_web.jpg,True
137890,281,https://openaccess-cdn.clevelandart.org/1962.279.43.a/1962.279.43.a_web.jpg,True
136949,282,https://openaccess-cdn.clevelandart.org/1961.421/1961.421_web.jpg,True
157104,283,https://openaccess-cdn.clevelandart.org/1993.236/1993.236_web.jpg,True
141484,284,https://openaccess-cdn.clevelandart.org/1964.94/1964.94_web.jpg,True
122339,285,https://openaccess-cdn.clevelandart.org/1942.636/1942.636_web.jpg,True
147520,286,https://openaccess-cdn.clevelandart.org/1973.30/1973.30_web.jpg,True
135430,287,https://openaccess-cdn.clevelandart.org/1958.427/1958.427_web.jpg,True
124084,288,https://openaccess-cdn.clevelandart.org/1944.86/1944.86_web.jpg,True
128390,289,https://openaccess-cdn.clevelandart.org/1951.354/1951.354_web.jpg,True
135265,290,https://openaccess-cdn.clevelandart.org/1958.28/1958.28_web.jpg,True
110566,291,https://openaccess-cdn.clevelandart.org/1929.133/1929.133_web.jpg,True
138369,292,https://openaccess-cdn.clevelandart.org/1962.3/1962.3_web.jpg,True
136950,293,https://openaccess-cdn.clevelandart.org/1961.421.1/1961.421.1_web.jpg,True
84662,294,https://openaccess-cdn.clevelandart.org/2020.107/2020.107_web.jpg,True
128364,295,https://openaccess-cdn.clevelandart.org/1951.324/1951.324_web.jpg,True
147607,296,https://openaccess-cdn.clevelandart.org/1974.1/1974.1_web.jpg,True
139730,297,https://openaccess-cdn.clevelandart.org/1963.503/1963.503_web.jpg,True
148366,298,https://openaccess-cdn.clevelandart.org/1975.79/1975.79_web.jpg,True
174043,299,https://openaccess-cdn.clevelandart.org/1972.905/1972.905_web.jpg,True
151257,300,https://openaccess-cdn.clevelandart.org/1983.14/1983.14_web.jpg,True
131673,301,https://openaccess-cdn.clevelandart.org/1954.263/1954.263_web.jpg,True
149684,302,https://openaccess-cdn.clevelandart.org/1979.72/1979.72_web.jpg,True
150955,303,https://openaccess-cdn.clevelandart.org/1982.36/1982.36_web.jpg,True
117030,304,https://openaccess-cdn.clevelandart.org/1937.575/1937.575_web.jpg,True
120995,305,https://openaccess-cdn.clevelandart.org/1941.68/1941.68_web.jpg,True
160300,306,https://openaccess-cdn.clevelandart.org/1998.178/1998.178_web.jpg,True
157228,307,https://openaccess-cdn.clevelandart.org/1994.106/1994.106_web.jpg,True
135592,308,https://openaccess-cdn.clevelandart.org/1959.136/1959.136_web.jpg,True
141200,309,https://openaccess-cdn.clevelandart.org/1964.44/1964.44_web.jpg,True
145010,310,https://openaccess-cdn.clevelandart.org/1970.2/1970.2_web.jpg,True
103997,311,https://openaccess-cdn.clevelandart.org/1922.173/1922.173_web.jpg,True
135432,312,https://openaccess-cdn.clevelandart.org/1958.427.2/1958.427.2_web.jpg,True
141220,313,https://openaccess-cdn.clevelandart.org/1964.454/1964.454_web.jpg,True
78982,314,https://openaccess-cdn.clevelandart.org/2017.192/2017.192_web.jpg,True
136295,315,https://openaccess-cdn.clevelandart.org/1960.181/1960.181_web.jpg,True
161268,316,https://openaccess-cdn.clevelandart.org/1999.45/1999.45_web.jpg,True
111789,317,https://openaccess-cdn.clevelandart.org/1930.314/1930.314_web.jpg,True
133012,318,https://openaccess-cdn.clevelandart.org/1955.44/1955.44_web.jpg,True
314406,319,https://openaccess-cdn.clevelandart.org/2018.121/2018.121_web.jpg,True
173180,320,https://openaccess-cdn.clevelandart.org/1915.684/1915.684_web.jpg,True
142474,321,https://openaccess-cdn.clevelandart.org/1966.237.b/1966.237.b_web.jpg,True
149104,322,https://openaccess-cdn.clevelandart.org/1977.37/1977.37_web.jpg,True
129386,323,https://openaccess-cdn.clevelandart.org/1952.222/1952.222_web.jpg,True
149396,324,https://openaccess-cdn.clevelandart.org/1978.51/1978.51_web.jpg,True
142664,325,https://openaccess-cdn.clevelandart.org/1966.387/1966.387_web.jpg,True
129862,326,https://openaccess-cdn.clevelandart.org/1952.286/1952.286_web.jpg,True
135431,327,https://openaccess-cdn.clevelandart.org/1958.427.1/1958.427.1_web.jpg,True
136297,328,https://openaccess-cdn.clevelandart.org/1960.183/1960.183_web.jpg,True
130496,329,https://openaccess-cdn.clevelandart.org/1953.246/1953.246_web.jpg,True
139746,330,https://openaccess-cdn.clevelandart.org/1963.515/1963.515_web.jpg,True
151015,331,https://openaccess-cdn.clevelandart.org/1982.6/1982.6_web.jpg,True
135836,332,https://openaccess-cdn.clevelandart.org/1959.348/1959.348_web.jpg,True
315934,333,https://openaccess-cdn.clevelandart.org/2018.258/2018.258_web.jpg,True
84371,334,https://openaccess-cdn.clevelandart.org/2020.106/2020.106_web.jpg,True
95275,335,https://openaccess-cdn.clevelandart.org/1916.1047/1916.1047_web.jpg,True
157217,336,https://openaccess-cdn.clevelandart.org/1994.10/1994.10_web.jpg,True
139830,337,https://openaccess-cdn.clevelandart.org/1963.588/1963.588_web.jpg,True
173665,338,https://openaccess-cdn.clevelandart.org/1915.461/1915.461_web.jpg,True
143776,339,https://openaccess-cdn.clevelandart.org/1968.213/1968.213_web.jpg,True
145953,340,https://openaccess-cdn.clevelandart.org/1971.16/1971.16_web.jpg,True
159836,341,https://openaccess-cdn.clevelandart.org/1997.148/1997.148_web.jpg,True
146186,342,https://openaccess-cdn.clevelandart.org/1971.79/1971.79_web.jpg,True
135273,343,https://openaccess-cdn.clevelandart.org/1958.289/1958.289_web.jpg,True
109973,344,https://openaccess-cdn.clevelandart.org/1928.580/1928.580_web.jpg,True
171588,345,https://openaccess-cdn.clevelandart.org/2014.373/2014.373_web.jpg,True
124116,346,https://openaccess-cdn.clevelandart.org/1945.115/1945.115_web.jpg,True
147447,347,https://openaccess-cdn.clevelandart.org/1973.185/1973.185_web.jpg,True
149421,348,https://openaccess-cdn.clevelandart.org/1978.73/1978.73_web.jpg,True
155819,349,https://openaccess-cdn.clevelandart.org/1991.133/1991.133_web.jpg,True
163456,350,https://openaccess-cdn.clevelandart.org/2004.35/2004.35_web.jpg,True
128459,351,https://openaccess-cdn.clevelandart.org/1951.398/1951.398_web.jpg,True
84370,352,https://openaccess-cdn.clevelandart.org/2020.114/2020.114_web.jpg,True
151298,353,https://openaccess-cdn.clevelandart.org/1983.155/1983.155_web.jpg,True
105224,354,https://openaccess-cdn.clevelandart.org/1923.416/1923.416_web.jpg,True
142665,355,https://openaccess-cdn.clevelandart.org/1966.388/1966.388_web.jpg,True
137646,356,https://openaccess-cdn.clevelandart.org/1962.279.234.a/1962.279.234.a_web.jpg,True
149603,357,https://openaccess-cdn.clevelandart.org/1979.27/1979.27_web.jpg,True
169614,358,https://openaccess-cdn.clevelandart.org/2011.43/2011.43_web.jpg,True
159501,359,https://openaccess-cdn.clevelandart.org/1996.271/1996.271_web.jpg,True
123490,360,https://openaccess-cdn.clevelandart.org/1943.90/1943.90_web.jpg,True
131672,361,https://openaccess-cdn.clevelandart.org/1954.262/1954.262_web.jpg,True
130638,362,https://openaccess-cdn.clevelandart.org/1953.358/1953.358_web.jpg,True
119701,363,https://openaccess-cdn.clevelandart.org/1940.539/1940.539_web.jpg,True
141936,364,https://openaccess-cdn.clevelandart.org/1965.475/1965.475_web.jpg,True
142475,365,https://openaccess-cdn.clevelandart.org/1966.237.c/1966.237.c_web.jpg,True
152765,366,https://openaccess-cdn.clevelandart.org/1985.56/1985.56_web.jpg,True
133057,367,https://openaccess-cdn.clevelandart.org/1955.48/1955.48_web.jpg,True
148857,368,https://openaccess-cdn.clevelandart.org/1976.95/1976.95_web.jpg,True
145135,369,https://openaccess-cdn.clevelandart.org/1970.31/1970.31_web.jpg,True
101358,370,https://openaccess-cdn.clevelandart.org/1920.1969/1920.1969_web.jpg,True
129218,371,https://openaccess-cdn.clevelandart.org/1952.110/1952.110_web.jpg,True
124990,372,https://openaccess-cdn.clevelandart.org/1946.431/1946.431_web.jpg,True
136463,373,https://openaccess-cdn.clevelandart.org/1960.40/1960.40_web.jpg,True
141328,374,https://openaccess-cdn.clevelandart.org/1964.54/1964.54_web.jpg,True
162328,375,https://openaccess-cdn.clevelandart.org/2002.6/2002.6_web.jpg,True
125091,376,https://openaccess-cdn.clevelandart.org/1946.71/1946.71_web.jpg,True
153374,377,https://openaccess-cdn.clevelandart.org/1986.62/1986.62_web.jpg,True
153664,378,https://openaccess-cdn.clevelandart.org/1987.187/1987.187_web.jpg,True
154283,379,https://openaccess-cdn.clevelandart.org/1988.91/1988.91_web.jpg,True
130656,380,https://openaccess-cdn.clevelandart.org/1953.371/1953.371_web.jpg,True
146725,381,https://openaccess-cdn.clevelandart.org/1972.17/1972.17_web.jpg,True
144588,382,https://openaccess-cdn.clevelandart.org/1969.23/1969.23_web.jpg,True
97181,383,https://openaccess-cdn.clevelandart.org/1916.816/1916.816_web.jpg,True
136759,384,https://openaccess-cdn.clevelandart.org/1961.261/1961.261_web.jpg,True
147008,385,https://openaccess-cdn.clevelandart.org/1972.41/1972.41_web.jpg,True
160133,386,https://openaccess-cdn.clevelandart.org/1997.91/1997.91_web.jpg,True
132908,387,https://openaccess-cdn.clevelandart.org/1955.36/1955.36_web.jpg,True
157334,388,https://openaccess-cdn.clevelandart.org/1994.198/1994.198_web.jpg,True
124804,389,https://openaccess-cdn.clevelandart.org/1946.283/1946.283_web.jpg,True
130940,390,https://openaccess-cdn.clevelandart.org/1953.629/1953.629_web.jpg,True
160135,391,https://openaccess-cdn.clevelandart.org/1997.93/1997.93_web.jpg,True
160138,392,https://openaccess-cdn.clevelandart.org/1997.96/1997.96_web.jpg,True
149413,393,https://openaccess-cdn.clevelandart.org/1978.66/1978.66_web.jpg,True
374816,394,https://openaccess-cdn.clevelandart.org/2020.259/2020.259_web.jpg,True
137224,395,https://openaccess-cdn.clevelandart.org/1962.169/1962.169_web.jpg,True
97180,396,https://openaccess-cdn.clevelandart.org/1916.815/1916.815_web.jpg,True
125884,397,https://openaccess-cdn.clevelandart.org/1948.128/1948.128_web.jpg,True
111470,398,https://openaccess-cdn.clevelandart.org/1929.951/1929.951_web.jpg,True
125895,399,https://openaccess-cdn.clevelandart.org/1948.137/1948.137_web.jpg,True
137641,400,https://openaccess-cdn.clevelandart.org/1962.279.231.b/1962.279.231.b_web.jpg,True
311962,401,https://openaccess-cdn.clevelandart.org/2019.82/2019.82_web.jpg,True
95264,402,https://openaccess-cdn.clevelandart.org/1916.1037/1916.1037_web.jpg,True
145426,403,https://openaccess-cdn.clevelandart.org/1970.76/1970.76_web.jpg,True
147906,404,https://openaccess-cdn.clevelandart.org/1974.26/1974.26_web.jpg,True
144756,405,https://openaccess-cdn.clevelandart.org/1969.54/1969.54_web.jpg,True
138444,406,https://openaccess-cdn.clevelandart.org/1962.36/1962.36_web.jpg,True
136760,407,https://openaccess-cdn.clevelandart.org/1961.262/1961.262_web.jpg,True
112858,408,https://openaccess-cdn.clevelandart.org/1931.451/1931.451_web.jpg,True
149414,409,https://openaccess-cdn.clevelandart.org/1978.67/1978.67_web.jpg,True
159647,410,https://openaccess-cdn.clevelandart.org/1996.361/1996.361_web.jpg,True
162195,411,https://openaccess-cdn.clevelandart.org/2002.101/2002.101_web.jpg,True
314236,412,https://openaccess-cdn.clevelandart.org/2018.104/2018.104_web.jpg,True
314242,413,https://openaccess-cdn.clevelandart.org/2018.108/2018.108_web.jpg,True
314247,414,https://openaccess-cdn.clevelandart.org/2018.111/2018.111_web.jpg,True
83635,415,https://openaccess-cdn.clevelandart.org/2020.117/2020.117_web.jpg,True
130396,416,https://openaccess-cdn.clevelandart.org/1953.16/1953.16_web.jpg,True
137121,417,https://openaccess-cdn.clevelandart.org/1961.89/1961.89_web.jpg,True
127746,418,https://openaccess-cdn.clevelandart.org/1950.400/1950.400_web.jpg,True
95253,419,https://openaccess-cdn.clevelandart.org/1916.1027/1916.1027_web.jpg,True
150140,420,https://openaccess-cdn.clevelandart.org/1980.6/1980.6_web.jpg,True
153735,421,https://openaccess-cdn.clevelandart.org/1987.40/1987.40_web.jpg,True
150353,422,https://openaccess-cdn.clevelandart.org/1981.13/1981.13_web.jpg,True
132017,423,https://openaccess-cdn.clevelandart.org/1954.584/1954.584_web.jpg,True
143462,424,https://openaccess-cdn.clevelandart.org/1967.36/1967.36_web.jpg,True
148833,425,https://openaccess-cdn.clevelandart.org/1976.74/1976.74_web.jpg,True
141693,426,https://openaccess-cdn.clevelandart.org/1965.28/1965.28_web.jpg,True
166510,427,https://openaccess-cdn.clevelandart.org/2008.290/2008.290_web.jpg,True
122158,428,https://openaccess-cdn.clevelandart.org/1942.48/1942.48_web.jpg,True
157107,429,https://openaccess-cdn.clevelandart.org/1993.239/1993.239_web.jpg,True
126773,430,https://openaccess-cdn.clevelandart.org/1949.189/1949.189_web.jpg,True
81391,431,https://openaccess-cdn.clevelandart.org/2020.109/2020.109_web.jpg,True
137125,432,https://openaccess-cdn.clevelandart.org/1961.90/1961.90_web.jpg,True
138688,433,https://openaccess-cdn.clevelandart.org/1963.102/1963.102_web.jpg,True
139824,434,https://openaccess-cdn.clevelandart.org/1963.582/1963.582_web.jpg,True
120456,435,https://openaccess-cdn.clevelandart.org/1941.279/1941.279_web.jpg,True
170848,436,https://openaccess-cdn.clevelandart.org/2013.331/2013.331_web.jpg,True
118159,437,https://openaccess-cdn.clevelandart.org/1939.269/1939.269_web.jpg,True
145964,438,https://openaccess-cdn.clevelandart.org/1971.17/1971.17_web.jpg,True
147927,439,https://openaccess-cdn.clevelandart.org/1974.29/1974.29_web.jpg,True
149943,440,https://openaccess-cdn.clevelandart.org/1980.177/1980.177_web.jpg,True
314404,441,https://openaccess-cdn.clevelandart.org/2018.120/2018.120_web.jpg,True
314115,442,https://openaccess-cdn.clevelandart.org/2018.85/2018.85_web.jpg,True
314122,443,https://openaccess-cdn.clevelandart.org/2018.86/2018.86_web.jpg,True
314141,444,https://openaccess-cdn.clevelandart.org/2018.90/2018.90_web.jpg,True
314225,445,https://openaccess-cdn.clevelandart.org/2018.97/2018.97_web.jpg,True
136296,446,https://openaccess-cdn.clevelandart.org/1960.182/1960.182_web.jpg,True
143314,447,https://openaccess-cdn.clevelandart.org/1967.244/1967.244_web.jpg,True
137357,448,https://openaccess-cdn.clevelandart.org/1962.279/1962.279_web.jpg,True
153606,449,https://openaccess-cdn.clevelandart.org/1987.139/1987.139_web.jpg,True
74228,450,https://openaccess-cdn.clevelandart.org/2020.113/2020.113_web.jpg,True
137973,451,https://openaccess-cdn.clevelandart.org/1962.279.80.b/1962.279.80.b_web.jpg,True
150839,452,https://openaccess-cdn.clevelandart.org/1982.245/1982.245_web.jpg,True
151807,453,https://openaccess-cdn.clevelandart.org/1984.14/1984.14_web.jpg,True
170741,454,https://openaccess-cdn.clevelandart.org/2013.261/2013.261_web.jpg,True
87891,455,https://openaccess-cdn.clevelandart.org/2023.38/2023.38_web.jpg,True
160859,456,https://openaccess-cdn.clevelandart.org/1999.15.1/1999.15.1_web.jpg,True
108806,457,https://openaccess-cdn.clevelandart.org/1926.485/1926.485_web.jpg,True
117843,458,https://openaccess-cdn.clevelandart.org/1938.45/1938.45_web.jpg,True
147930,459,https://openaccess-cdn.clevelandart.org/1974.31/1974.31_web.jpg,True
135512,460,https://openaccess-cdn.clevelandart.org/1958.51/1958.51_web.jpg,True
129802,461,https://openaccess-cdn.clevelandart.org/1952.235.1/1952.235.1_web.jpg,True
147947,462,https://openaccess-cdn.clevelandart.org/1974.45/1974.45_web.jpg,True
149415,463,https://openaccess-cdn.clevelandart.org/1978.68/1978.68_web.jpg,True
153339,464,https://openaccess-cdn.clevelandart.org/1986.45/1986.45_web.jpg,True
127953,465,https://openaccess-cdn.clevelandart.org/1950.582/1950.582_web.jpg,True
155043,466,https://openaccess-cdn.clevelandart.org/1989.6/1989.6_web.jpg,True
138360,467,https://openaccess-cdn.clevelandart.org/1962.293/1962.293_web.jpg,True
125885,468,https://openaccess-cdn.clevelandart.org/1948.128.1/1948.128.1_web.jpg,True
129805,469,https://openaccess-cdn.clevelandart.org/1952.235.4/1952.235.4_web.jpg,True
129803,470,https://openaccess-cdn.clevelandart.org/1952.235.2/1952.235.2_web.jpg,True
135840,471,https://openaccess-cdn.clevelandart.org/1959.351/1959.351_web.jpg,True
138430,472,https://openaccess-cdn.clevelandart.org/1962.35/1962.35_web.jpg,True
135180,473,https://openaccess-cdn.clevelandart.org/1958.206/1958.206_web.jpg,True
136464,474,https://openaccess-cdn.clevelandart.org/1960.41/1960.41_web.jpg,True
170791,475,https://openaccess-cdn.clevelandart.org/2013.298/2013.298_web.jpg,True
148369,476,https://openaccess-cdn.clevelandart.org/1975.81/1975.81_web.jpg,True
137643,477,https://openaccess-cdn.clevelandart.org/1962.279.232.b/1962.279.232.b_web.jpg,True
137648,478,https://openaccess-cdn.clevelandart.org/1962.279.236.a/1962.279.236.a_web.jpg,True
136933,479,https://openaccess-cdn.clevelandart.org/1961.41/1961.41_web.jpg,True
152440,480,https://openaccess-cdn.clevelandart.org/1985.268/1985.268_web.jpg,True
135311,481,https://openaccess-cdn.clevelandart.org/1958.320/1958.320_web.jpg,True
152448,482,https://openaccess-cdn.clevelandart.org/1985.275/1985.275_web.jpg,True
117808,483,https://openaccess-cdn.clevelandart.org/1938.422/1938.422_web.jpg,True
128393,484,https://openaccess-cdn.clevelandart.org/1951.357/1951.357_web.jpg,True
141594,485,https://openaccess-cdn.clevelandart.org/1965.19/1965.19_web.jpg,True
142315,486,https://openaccess-cdn.clevelandart.org/1966.143/1966.143_web.jpg,True
149390,487,https://openaccess-cdn.clevelandart.org/1978.47.1/1978.47.1_web.jpg,True
170085,488,https://openaccess-cdn.clevelandart.org/2012.302/2012.302_web.jpg,True
359246,489,https://openaccess-cdn.clevelandart.org/2019.76/2019.76_web.jpg,True
162295,490,https://openaccess-cdn.clevelandart.org/2002.3/2002.3_web.jpg,True
143644,491,https://openaccess-cdn.clevelandart.org/1968.100/1968.100_web.jpg,True
146446,492,https://openaccess-cdn.clevelandart.org/1972.120/1972.120_web.jpg,True
137217,493,https://openaccess-cdn.clevelandart.org/1962.161/1962.161_web.jpg,True
140476,494,https://openaccess-cdn.clevelandart.org/1964.386/1964.386_web.jpg,True
83462,495,https://openaccess-cdn.clevelandart.org/2020.115/2020.115_web.jpg,True
134789,496,https://openaccess-cdn.clevelandart.org/1957.358/1957.358_web.jpg,True
148853,497,https://openaccess-cdn.clevelandart.org/1976.92/1976.92_web.jpg,True
171157,498,https://openaccess-cdn.clevelandart.org/2013.7/2013.7_web.jpg,True
109239,499,https://openaccess-cdn.clevelandart.org/1927.388/1927.388_web.jpg,True
147016,500,https://openaccess-cdn.clevelandart.org/1972.47/1972.47_web.jpg,True
128389,501,https://openaccess-cdn.clevelandart.org/1951.353/1951.353_web.jpg,True
146192,502,https://openaccess-cdn.clevelandart.org/1971.82/1971.82_web.jpg,True
129219,503,https://openaccess-cdn.clevelandart.org/1952.111/1952.111_web.jpg,True
135517,504,https://openaccess-cdn.clevelandart.org/1958.56/1958.56_web.jpg,True
154338,505,https://openaccess-cdn.clevelandart.org/1989.104/1989.104_web.jpg,True
148671,506,https://openaccess-cdn.clevelandart.org/1976.13/1976.13_web.jpg,True
149098,507,https://openaccess-cdn.clevelandart.org/1977.31/1977.31_web.jpg,True
163044,508,https://openaccess-cdn.clevelandart.org/2003.6.5/2003.6.5_web.jpg,True
146143,509,https://openaccess-cdn.clevelandart.org/1971.43/1971.43_web.jpg,True
128375,510,https://openaccess-cdn.clevelandart.org/1951.334/1951.334_web.jpg,True
124090,511,https://openaccess-cdn.clevelandart.org/1944.91/1944.91_web.jpg,True
145907,512,https://openaccess-cdn.clevelandart.org/1971.132/1971.132_web.jpg,True
149029,513,https://openaccess-cdn.clevelandart.org/1977.171/1977.171_web.jpg,True
143237,514,https://openaccess-cdn.clevelandart.org/1967.192/1967.192_web.jpg,True
149116,515,https://openaccess-cdn.clevelandart.org/1977.47/1977.47_web.jpg,True
149652,516,https://openaccess-cdn.clevelandart.org/1979.46/1979.46_web.jpg,True
170784,517,https://openaccess-cdn.clevelandart.org/2013.292.a/2013.292.a_web.jpg,True
137796,518,https://openaccess-cdn.clevelandart.org/1962.279.306.a/1962.279.306.a_web.jpg,True
314243,519,https://openaccess-cdn.clevelandart.org/2018.109/2018.109_web.jpg,True
314249,520,https://openaccess-cdn.clevelandart.org/2018.112/2018.112_web.jpg,True
314217,521,https://openaccess-cdn.clevelandart.org/2018.91/2018.91_web.jpg,True
314218,522,https://openaccess-cdn.clevelandart.org/2018.92/2018.92_web.jpg,True
314219,523,https://openaccess-cdn.clevelandart.org/2018.93/2018.93_web.jpg,True
314221,524,https://openaccess-cdn.clevelandart.org/2018.94/2018.94_web.jpg,True
314222,525,https://openaccess-cdn.clevelandart.org/2018.95/2018.95_web.jpg,True
314227,526,https://openaccess-cdn.clevelandart.org/2018.98/2018.98_web.jpg,True
677526,527,https://openaccess-cdn.clevelandart.org/2025.9/2025.9_web.jpg,True
151007,528,https://openaccess-cdn.clevelandart.org/1982.55/1982.55_web.jpg,True
153229,529,https://openaccess-cdn.clevelandart.org/1986.2/1986.2_web.jpg,True
143261,530,https://openaccess-cdn.clevelandart.org/1967.20/1967.20_web.jpg,True
125236,531,https://openaccess-cdn.clevelandart.org/1947.198/1947.198_web.jpg,True
135659,532,https://openaccess-cdn.clevelandart.org/1959.189/1959.189_web.jpg,True
140149,533,https://openaccess-cdn.clevelandart.org/1964.150.1/1964.150.1_web.jpg,True
118643,534,https://openaccess-cdn.clevelandart.org/1939.66/1939.66_web.jpg,True
120286,535,https://openaccess-cdn.clevelandart.org/1941.14/1941.14_web.jpg,True
136952,536,https://openaccess-cdn.clevelandart.org/1961.423/1961.423_web.jpg,True
155051,537,https://openaccess-cdn.clevelandart.org/1989.67/1989.67_web.jpg,True
129859,538,https://openaccess-cdn.clevelandart.org/1952.283/1952.283_web.jpg,True
147572,539,https://openaccess-cdn.clevelandart.org/1973.70.1/1973.70.1_web.jpg,True
147573,540,https://openaccess-cdn.clevelandart.org/1973.70.2/1973.70.2_web.jpg,True
122335,541,https://openaccess-cdn.clevelandart.org/1942.633/1942.633_web.jpg,True
125948,542,https://openaccess-cdn.clevelandart.org/1948.181/1948.181_web.jpg,True
139532,543,https://openaccess-cdn.clevelandart.org/1963.326/1963.326_web.jpg,True
150074,544,https://openaccess-cdn.clevelandart.org/1980.28/1980.28_web.jpg,True
370119,545,https://openaccess-cdn.clevelandart.org/2019.168/2019.168_web.jpg,True
149604,546,https://openaccess-cdn.clevelandart.org/1979.27.1/1979.27.1_web.jpg,True
149616,547,https://openaccess-cdn.clevelandart.org/1979.27.2/1979.27.2_web.jpg,True
142579,548,https://openaccess-cdn.clevelandart.org/1966.31.8/1966.31.8_web.jpg,True
122337,549,https://openaccess-cdn.clevelandart.org/1942.633.2/1942.633.2_web.jpg,True
97158,550,https://openaccess-cdn.clevelandart.org/1916.796/1916.796_web.jpg,True
97191,551,https://openaccess-cdn.clevelandart.org/1916.825/1916.825_web.jpg,True
143274,552,https://openaccess-cdn.clevelandart.org/1967.211/1967.211_web.jpg,True
149658,553,https://openaccess-cdn.clevelandart.org/1979.50/1979.50_web.jpg,True
170783,554,https://openaccess-cdn.clevelandart.org/2013.292/2013.292_web.jpg,True
113026,555,https://openaccess-cdn.clevelandart.org/1932.118/1932.118_web.jpg,True
140150,556,https://openaccess-cdn.clevelandart.org/1964.150.2/1964.150.2_web.jpg,True
148850,557,https://openaccess-cdn.clevelandart.org/1976.9/1976.9_web.jpg,True
122166,558,https://openaccess-cdn.clevelandart.org/1942.49/1942.49_web.jpg,True
152263,559,https://openaccess-cdn.clevelandart.org/1985.143/1985.143_web.jpg,True
132014,560,https://openaccess-cdn.clevelandart.org/1954.581/1954.581_web.jpg,True
160136,561,https://openaccess-cdn.clevelandart.org/1997.94/1997.94_web.jpg,True
164630,562,https://openaccess-cdn.clevelandart.org/2006.139/2006.139_web.jpg,True
677517,563,https://openaccess-cdn.clevelandart.org/2025.7/2025.7_web.jpg,True
677522,564,https://openaccess-cdn.clevelandart.org/2025.8/2025.8_web.jpg,True
135518,565,https://openaccess-cdn.clevelandart.org/1958.57/1958.57_web.jpg,True
144920,566,https://openaccess-cdn.clevelandart.org/1970.128/1970.128_web.jpg,True
149682,567,https://openaccess-cdn.clevelandart.org/1979.70/1979.70_web.jpg,True
151543,568,https://openaccess-cdn.clevelandart.org/1983.88/1983.88_web.jpg,True
122336,569,https://openaccess-cdn.clevelandart.org/1942.633.1/1942.633.1_web.jpg,True
145418,570,https://openaccess-cdn.clevelandart.org/1970.69/1970.69_web.jpg,True
97160,571,https://openaccess-cdn.clevelandart.org/1916.798/1916.798_web.jpg,True
311773,572,https://openaccess-cdn.clevelandart.org/2018.25/2018.25_web.jpg,True
444535,573,https://openaccess-cdn.clevelandart.org/2021.134/2021.134_web.jpg,True
92951,574,https://openaccess-cdn.clevelandart.org/2022.140/2022.140_web.jpg,True
97164,575,https://openaccess-cdn.clevelandart.org/1916.800/1916.800_web.jpg,True
149097,576,https://openaccess-cdn.clevelandart.org/1977.30/1977.30_web.jpg,True
149119,577,https://openaccess-cdn.clevelandart.org/1977.5/1977.5_web.jpg,True
151540,578,https://openaccess-cdn.clevelandart.org/1983.85/1983.85_web.jpg,True
75763,579,https://openaccess-cdn.clevelandart.org/2020.108/2020.108_web.jpg,True
170828,580,https://openaccess-cdn.clevelandart.org/2013.319/2013.319_web.jpg,True
125248,581,https://openaccess-cdn.clevelandart.org/1947.208/1947.208_web.jpg,True
172806,582,https://openaccess-cdn.clevelandart.org/1922.220/1922.220_web.jpg,True
148378,583,https://openaccess-cdn.clevelandart.org/1975.9/1975.9_web.jpg,True
151529,584,https://openaccess-cdn.clevelandart.org/1983.75/1983.75_web.jpg,True
152250,585,https://openaccess-cdn.clevelandart.org/1985.132/1985.132_web.jpg,True
171078,586,https://openaccess-cdn.clevelandart.org/2013.51/2013.51_web.jpg,True
95196,587,https://openaccess-cdn.clevelandart.org/1915.88/1915.88_web.jpg,True
125579,588,https://openaccess-cdn.clevelandart.org/1947.502/1947.502_web.jpg,True
136476,589,https://openaccess-cdn.clevelandart.org/1960.52/1960.52_web.jpg,True
140441,590,https://openaccess-cdn.clevelandart.org/1964.371.1/1964.371.1_web.jpg,True
146183,591,https://openaccess-cdn.clevelandart.org/1971.76/1971.76_web.jpg,True
146713,592,https://openaccess-cdn.clevelandart.org/1972.160/1972.160_web.jpg,True
154073,593,https://openaccess-cdn.clevelandart.org/1988.19/1988.19_web.jpg,True
159731,594,https://openaccess-cdn.clevelandart.org/1997.106/1997.106_web.jpg,True
95263,595,https://openaccess-cdn.clevelandart.org/1916.1036/1916.1036_web.jpg,True
149417,596,https://openaccess-cdn.clevelandart.org/1978.7/1978.7_web.jpg,True
151078,597,https://openaccess-cdn.clevelandart.org/1983.10/1983.10_web.jpg,True
149648,598,https://openaccess-cdn.clevelandart.org/1979.43/1979.43_web.jpg,True
163040,599,https://openaccess-cdn.clevelandart.org/2003.6.1/2003.6.1_web.jpg,True
117657,600,https://openaccess-cdn.clevelandart.org/1938.301/1938.301_web.jpg,True
310353,601,https://openaccess-cdn.clevelandart.org/2019.224/2019.224_web.jpg,True
125950,602,https://openaccess-cdn.clevelandart.org/1948.181.2/1948.181.2_web.jpg,True
153724,603,https://openaccess-cdn.clevelandart.org/1987.32/1987.32_web.jpg,True
160128,604,https://openaccess-cdn.clevelandart.org/1997.89/1997.89_web.jpg,True
136419,605,https://openaccess-cdn.clevelandart.org/1960.284/1960.284_web.jpg,True
145420,606,https://openaccess-cdn.clevelandart.org/1970.71/1970.71_web.jpg,True
145966,607,https://openaccess-cdn.clevelandart.org/1971.171/1971.171_web.jpg,True
146184,608,https://openaccess-cdn.clevelandart.org/1971.77/1971.77_web.jpg,True
148571,609,https://openaccess-cdn.clevelandart.org/1976.112/1976.112_web.jpg,True
152014,610,https://openaccess-cdn.clevelandart.org/1984.65/1984.65_web.jpg,True
154286,611,https://openaccess-cdn.clevelandart.org/1988.94/1988.94_web.jpg,True
164314,612,https://openaccess-cdn.clevelandart.org/2005.4/2005.4_web.jpg,True
146469,613,https://openaccess-cdn.clevelandart.org/1972.121/1972.121_web.jpg,True
132926,614,https://openaccess-cdn.clevelandart.org/1955.37.4/1955.37.4_web.jpg,True
149590,615,https://openaccess-cdn.clevelandart.org/1979.18/1979.18_web.jpg,True
150844,616,https://openaccess-cdn.clevelandart.org/1982.25/1982.25_web.jpg,True
151064,617,https://openaccess-cdn.clevelandart.org/1982.9/1982.9_web.jpg,True
152317,618,https://openaccess-cdn.clevelandart.org/1985.18/1985.18_web.jpg,True
152444,619,https://openaccess-cdn.clevelandart.org/1985.271/1985.271_web.jpg,True
150054,620,https://openaccess-cdn.clevelandart.org/1980.265/1980.265_web.jpg,True
161705,621,https://openaccess-cdn.clevelandart.org/2000.69/2000.69_web.jpg,True
95212,622,https://openaccess-cdn.clevelandart.org/1916.1001/1916.1001_web.jpg,True
97171,623,https://openaccess-cdn.clevelandart.org/1916.807/1916.807_web.jpg,True
150016,624,https://openaccess-cdn.clevelandart.org/1980.232/1980.232_web.jpg,True
148965,625,https://openaccess-cdn.clevelandart.org/1977.122/1977.122_web.jpg,True
149618,626,https://openaccess-cdn.clevelandart.org/1979.27.2.13/1979.27.2.13_web.jpg,True
119697,627,https://openaccess-cdn.clevelandart.org/1940.534/1940.534_web.jpg,True
166783,628,https://openaccess-cdn.clevelandart.org/2008.71/2008.71_web.jpg,True
124017,629,https://openaccess-cdn.clevelandart.org/1944.501/1944.501_web.jpg,True
144829,630,https://openaccess-cdn.clevelandart.org/1969.60/1969.60_web.jpg,True
152412,631,https://openaccess-cdn.clevelandart.org/1985.250/1985.250_web.jpg,True
152441,632,https://openaccess-cdn.clevelandart.org/1985.269/1985.269_web.jpg,True
135333,633,https://openaccess-cdn.clevelandart.org/1958.337/1958.337_web.jpg,True
145427,634,https://openaccess-cdn.clevelandart.org/1970.77/1970.77_web.jpg,True
152428,635,https://openaccess-cdn.clevelandart.org/1985.256/1985.256_web.jpg,True
140452,636,https://openaccess-cdn.clevelandart.org/1964.371.9/1964.371.9_web.jpg,True
153727,637,https://openaccess-cdn.clevelandart.org/1987.35/1987.35_web.jpg,True
151555,638,https://openaccess-cdn.clevelandart.org/1983.97/1983.97_web.jpg,True
125580,639,https://openaccess-cdn.clevelandart.org/1947.502.a/1947.502.a_web.jpg,True
140451,640,https://openaccess-cdn.clevelandart.org/1964.371.8/1964.371.8_web.jpg,True
149125,641,https://openaccess-cdn.clevelandart.org/1977.55/1977.55_web.jpg,True
149956,642,https://openaccess-cdn.clevelandart.org/1980.187/1980.187_web.jpg,True
153618,643,https://openaccess-cdn.clevelandart.org/1987.146/1987.146_web.jpg,True
129804,644,https://openaccess-cdn.clevelandart.org/1952.235.3/1952.235.3_web.jpg,True
142311,645,https://openaccess-cdn.clevelandart.org/1966.14/1966.14_web.jpg,True
142642,646,https://openaccess-cdn.clevelandart.org/1966.367/1966.367_web.jpg,True
143195,647,https://openaccess-cdn.clevelandart.org/1967.16/1967.16_web.jpg,True
130132,648,https://openaccess-cdn.clevelandart.org/1952.512/1952.512_web.jpg,True
153388,649,https://openaccess-cdn.clevelandart.org/1986.73/1986.73_web.jpg,True
132048,650,https://openaccess-cdn.clevelandart.org/1954.603/1954.603_web.jpg,True
152851,651,https://openaccess-cdn.clevelandart.org/1985.88/1985.88_web.jpg,True
155615,652,https://openaccess-cdn.clevelandart.org/1990.6/1990.6_web.jpg,True
146167,653,https://openaccess-cdn.clevelandart.org/1971.63/1971.63_web.jpg,True
132308,654,https://openaccess-cdn.clevelandart.org/1954.791/1954.791_web.jpg,True
131336,655,https://openaccess-cdn.clevelandart.org/1954.127/1954.127_web.jpg,True
124086,656,https://openaccess-cdn.clevelandart.org/1944.88/1944.88_web.jpg,True
134620,657,https://openaccess-cdn.clevelandart.org/1957.150/1957.150_web.jpg,True
172781,658,https://openaccess-cdn.clevelandart.org/1915.215/1915.215_web.jpg,True
146174,659,https://openaccess-cdn.clevelandart.org/1971.68/1971.68_web.jpg,True
148971,660,https://openaccess-cdn.clevelandart.org/1977.128/1977.128_web.jpg,True
149661,661,https://openaccess-cdn.clevelandart.org/1979.53/1979.53_web.jpg,True
85861,662,https://openaccess-cdn.clevelandart.org/2020.120/2020.120_web.jpg,True
101355,663,https://openaccess-cdn.clevelandart.org/1920.1966/1920.1966_web.jpg,True
150046,664,https://openaccess-cdn.clevelandart.org/1980.258/1980.258_web.jpg,True
163350,665,https://openaccess-cdn.clevelandart.org/2004.17/2004.17_web.jpg,True
150024,666,https://openaccess-cdn.clevelandart.org/1980.238.2/1980.238.2_web.jpg,True
155431,667,https://openaccess-cdn.clevelandart.org/1990.16/1990.16_web.jpg,True
136572,668,https://openaccess-cdn.clevelandart.org/1961.135/1961.135_web.jpg,True
146037,669,https://openaccess-cdn.clevelandart.org/1971.233/1971.233_web.jpg,True
146201,670,https://openaccess-cdn.clevelandart.org/1971.91/1971.91_web.jpg,True
147934,671,https://openaccess-cdn.clevelandart.org/1974.35/1974.35_web.jpg,True
149660,672,https://openaccess-cdn.clevelandart.org/1979.52/1979.52_web.jpg,True
149891,673,https://openaccess-cdn.clevelandart.org/1980.13/1980.13_web.jpg,True
148244,674,https://openaccess-cdn.clevelandart.org/1975.22.9/1975.22.9_web.jpg,True
170789,675,https://openaccess-cdn.clevelandart.org/2013.296/2013.296_web.jpg,True
150730,676,https://openaccess-cdn.clevelandart.org/1982.152/1982.152_web.jpg,True
80329,677,https://openaccess-cdn.clevelandart.org/2020.118/2020.118_web.jpg,True
137335,678,https://openaccess-cdn.clevelandart.org/1962.259/1962.259_web.jpg,True
153927,679,https://openaccess-cdn.clevelandart.org/1988.108/1988.108_web.jpg,True
132835,680,https://openaccess-cdn.clevelandart.org/1955.302.2/1955.302.2_web.jpg,True
132837,681,https://openaccess-cdn.clevelandart.org/1955.302.4/1955.302.4_web.jpg,True
132840,682,https://openaccess-cdn.clevelandart.org/1955.302.7/1955.302.7_web.jpg,True
132841,683,https://openaccess-cdn.clevelandart.org/1955.302.8/1955.302.8_web.jpg,True
137824,684,https://openaccess-cdn.clevelandart.org/1962.279.32.a/1962.279.32.a_web.jpg,True
160458,685,https://openaccess-cdn.clevelandart.org/1998.286/1998.286_web.jpg,True
167661,686,https://openaccess-cdn.clevelandart.org/2009.342/2009.342_web.jpg,True
171153,687,https://openaccess-cdn.clevelandart.org/2013.66/2013.66_web.jpg,True
129801,688,https://openaccess-cdn.clevelandart.org/1952.235/1952.235_web.jpg,True
173480,689,https://openaccess-cdn.clevelandart.org/1915.687/1915.687_web.jpg,True
137385,690,https://openaccess-cdn.clevelandart.org/1962.279.110.b/1962.279.110.b_web.jpg,True
167662,691,https://openaccess-cdn.clevelandart.org/2009.342.1/2009.342.1_web.jpg,True
167663,692,https://openaccess-cdn.clevelandart.org/2009.342.2/2009.342.2_web.jpg,True
167664,693,https://openaccess-cdn.clevelandart.org/2009.342.3/2009.342.3_web.jpg,True
109029,694,https://openaccess-cdn.clevelandart.org/1927.197/1927.197_web.jpg,True
149663,695,https://openaccess-cdn.clevelandart.org/1979.55/1979.55_web.jpg,True
119007,696,https://openaccess-cdn.clevelandart.org/1940.1197/1940.1197_web.jpg,True
131671,697,https://openaccess-cdn.clevelandart.org/1954.261/1954.261_web.jpg,True
138013,698,https://openaccess-cdn.clevelandart.org/1962.279.99.b/1962.279.99.b_web.jpg,True
144292,699,https://openaccess-cdn.clevelandart.org/1969.127/1969.127_web.jpg,True
146011,700,https://openaccess-cdn.clevelandart.org/1971.21/1971.21_web.jpg,True
146198,701,https://openaccess-cdn.clevelandart.org/1971.88/1971.88_web.jpg,True
148237,702,https://openaccess-cdn.clevelandart.org/1975.22.2/1975.22.2_web.jpg,True
148243,703,https://openaccess-cdn.clevelandart.org/1975.22.8/1975.22.8_web.jpg,True
152556,704,https://openaccess-cdn.clevelandart.org/1985.371/1985.371_web.jpg,True
152852,705,https://openaccess-cdn.clevelandart.org/1985.89/1985.89_web.jpg,True
160723,706,https://openaccess-cdn.clevelandart.org/1998.78/1998.78_web.jpg,True
170878,707,https://openaccess-cdn.clevelandart.org/2013.347.a/2013.347.a_web.jpg,True
86111,708,https://openaccess-cdn.clevelandart.org/2015.589/2015.589_web.jpg,True
86110,709,https://openaccess-cdn.clevelandart.org/2015.590/2015.590_web.jpg,True
137219,710,https://openaccess-cdn.clevelandart.org/1962.163/1962.163_web.jpg,True
101356,711,https://openaccess-cdn.clevelandart.org/1920.1967/1920.1967_web.jpg,True
127224,712,https://openaccess-cdn.clevelandart.org/1949.541/1949.541_web.jpg,True
149615,713,https://openaccess-cdn.clevelandart.org/1979.27.1.9/1979.27.1.9_web.jpg,True
118604,714,https://openaccess-cdn.clevelandart.org/1939.63/1939.63_web.jpg,True
124170,715,https://openaccess-cdn.clevelandart.org/1945.171/1945.171_web.jpg,True
152446,716,https://openaccess-cdn.clevelandart.org/1985.273/1985.273_web.jpg,True
153625,717,https://openaccess-cdn.clevelandart.org/1987.153/1987.153_web.jpg,True
154754,718,https://openaccess-cdn.clevelandart.org/1989.334/1989.334_web.jpg,True
156311,719,https://openaccess-cdn.clevelandart.org/1992.143/1992.143_web.jpg,True
145309,720,https://openaccess-cdn.clevelandart.org/1970.55/1970.55_web.jpg,True
147523,721,https://openaccess-cdn.clevelandart.org/1973.33/1973.33_web.jpg,True
112626,722,https://openaccess-cdn.clevelandart.org/1931.245/1931.245_web.jpg,True
130637,723,https://openaccess-cdn.clevelandart.org/1953.357/1953.357_web.jpg,True
145830,724,https://openaccess-cdn.clevelandart.org/1971.126.a/1971.126.a_web.jpg,True
149608,725,https://openaccess-cdn.clevelandart.org/1979.27.1.2/1979.27.1.2_web.jpg,True
161671,726,https://openaccess-cdn.clevelandart.org/2000.4/2000.4_web.jpg,True
162867,727,https://openaccess-cdn.clevelandart.org/2003.352/2003.352_web.jpg,True
170840,728,https://openaccess-cdn.clevelandart.org/2013.328/2013.328_web.jpg,True
144303,729,https://openaccess-cdn.clevelandart.org/1969.132/1969.132_web.jpg,True
126772,730,https://openaccess-cdn.clevelandart.org/1949.187.2/1949.187.2_web.jpg,True
137363,731,https://openaccess-cdn.clevelandart.org/1962.279.100.b/1962.279.100.b_web.jpg,True
137872,732,https://openaccess-cdn.clevelandart.org/1962.279.35.a/1962.279.35.a_web.jpg,True
137970,733,https://openaccess-cdn.clevelandart.org/1962.279.8.a/1962.279.8.a_web.jpg,True
138008,734,https://openaccess-cdn.clevelandart.org/1962.279.97.a/1962.279.97.a_web.jpg,True
144854,735,https://openaccess-cdn.clevelandart.org/1969.77/1969.77_web.jpg,True
146193,736,https://openaccess-cdn.clevelandart.org/1971.83/1971.83_web.jpg,True
146443,737,https://openaccess-cdn.clevelandart.org/1972.12/1972.12_web.jpg,True
150028,738,https://openaccess-cdn.clevelandart.org/1980.242/1980.242_web.jpg,True
150901,739,https://openaccess-cdn.clevelandart.org/1982.29/1982.29_web.jpg,True
150902,740,https://openaccess-cdn.clevelandart.org/1982.29.1/1982.29.1_web.jpg,True
152429,741,https://openaccess-cdn.clevelandart.org/1985.257/1985.257_web.jpg,True
153375,742,https://openaccess-cdn.clevelandart.org/1986.63/1986.63_web.jpg,True
153663,743,https://openaccess-cdn.clevelandart.org/1987.186/1987.186_web.jpg,True
155865,744,https://openaccess-cdn.clevelandart.org/1991.168/1991.168_web.jpg,True
155868,745,https://openaccess-cdn.clevelandart.org/1991.170/1991.170_web.jpg,True
155941,746,https://openaccess-cdn.clevelandart.org/1991.23/1991.23_web.jpg,True
137845,747,https://openaccess-cdn.clevelandart.org/1962.279.33.b/1962.279.33.b_web.jpg,True
143141,748,https://openaccess-cdn.clevelandart.org/1967.126/1967.126_web.jpg,True
144840,749,https://openaccess-cdn.clevelandart.org/1969.65/1969.65_web.jpg,True
145430,750,https://openaccess-cdn.clevelandart.org/1970.80/1970.80_web.jpg,True
147129,751,https://openaccess-cdn.clevelandart.org/1973.103/1973.103_web.jpg,True
152822,752,https://openaccess-cdn.clevelandart.org/1985.71.1/1985.71.1_web.jpg,True
152824,753,https://openaccess-cdn.clevelandart.org/1985.71.11/1985.71.11_web.jpg,True
152829,754,https://openaccess-cdn.clevelandart.org/1985.71.5/1985.71.5_web.jpg,True
152830,755,https://openaccess-cdn.clevelandart.org/1985.71.6/1985.71.6_web.jpg,True
155627,756,https://openaccess-cdn.clevelandart.org/1990.70/1990.70_web.jpg,True
160459,757,https://openaccess-cdn.clevelandart.org/1998.286.a/1998.286.a_web.jpg,True
161286,758,https://openaccess-cdn.clevelandart.org/1999.6/1999.6_web.jpg,True
444412,759,https://openaccess-cdn.clevelandart.org/2021.132/2021.132_web.jpg,True
444765,760,https://openaccess-cdn.clevelandart.org/2021.132.1/2021.132.1_web.jpg,True
146726,761,https://openaccess-cdn.clevelandart.org/1972.17.1/1972.17.1_web.jpg,True
148862,762,https://openaccess-cdn.clevelandart.org/1976.97.2/1976.97.2_web.jpg,True
79932,763,https://openaccess-cdn.clevelandart.org/2015.516/2015.516_web.jpg,True
140342,764,https://openaccess-cdn.clevelandart.org/1964.292/1964.292_web.jpg,True
142641,765,https://openaccess-cdn.clevelandart.org/1966.366/1966.366_web.jpg,True
145923,766,https://openaccess-cdn.clevelandart.org/1971.135/1971.135_web.jpg,True
150079,767,https://openaccess-cdn.clevelandart.org/1980.284/1980.284_web.jpg,True
539039,768,https://openaccess-cdn.clevelandart.org/1938.301.a/1938.301.a_web.jpg,True
539040,769,https://openaccess-cdn.clevelandart.org/1938.301.b/1938.301.b_web.jpg,True
122334,770,https://openaccess-cdn.clevelandart.org/1942.632/1942.632_web.jpg,True
143769,771,https://openaccess-cdn.clevelandart.org/1968.207/1968.207_web.jpg,True
148767,772,https://openaccess-cdn.clevelandart.org/1976.26/1976.26_web.jpg,True
170812,773,https://openaccess-cdn.clevelandart.org/2013.310/2013.310_web.jpg,True
141728,774,https://openaccess-cdn.clevelandart.org/1965.310/1965.310_web.jpg,True
140155,775,https://openaccess-cdn.clevelandart.org/1964.156/1964.156_web.jpg,True
163141,776,https://openaccess-cdn.clevelandart.org/2004.1.41/2004.1.41_web.jpg,True
86399,777,https://openaccess-cdn.clevelandart.org/2015.138/2015.138_web.jpg,True
148970,778,https://openaccess-cdn.clevelandart.org/1977.127/1977.127_web.jpg,True
173169,779,https://openaccess-cdn.clevelandart.org/1915.721/1915.721_web.jpg,True
115987,780,https://openaccess-cdn.clevelandart.org/1936.684/1936.684_web.jpg,True
124010,781,https://openaccess-cdn.clevelandart.org/1944.496/1944.496_web.jpg,True
124758,782,https://openaccess-cdn.clevelandart.org/1946.242/1946.242_web.jpg,True
132821,783,https://openaccess-cdn.clevelandart.org/1955.297/1955.297_web.jpg,True
137875,784,https://openaccess-cdn.clevelandart.org/1962.279.36.b/1962.279.36.b_web.jpg,True
137893,785,https://openaccess-cdn.clevelandart.org/1962.279.44.b/1962.279.44.b_web.jpg,True
137909,786,https://openaccess-cdn.clevelandart.org/1962.279.51.b/1962.279.51.b_web.jpg,True
148235,787,https://openaccess-cdn.clevelandart.org/1975.22.10/1975.22.10_web.jpg,True
148238,788,https://openaccess-cdn.clevelandart.org/1975.22.3/1975.22.3_web.jpg,True
148239,789,https://openaccess-cdn.clevelandart.org/1975.22.4/1975.22.4_web.jpg,True
148240,790,https://openaccess-cdn.clevelandart.org/1975.22.5/1975.22.5_web.jpg,True
148241,791,https://openaccess-cdn.clevelandart.org/1975.22.6/1975.22.6_web.jpg,True
148242,792,https://openaccess-cdn.clevelandart.org/1975.22.7/1975.22.7_web.jpg,True
149073,793,https://openaccess-cdn.clevelandart.org/1977.199/1977.199_web.jpg,True
152555,794,https://openaccess-cdn.clevelandart.org/1985.370/1985.370_web.jpg,True
154086,795,https://openaccess-cdn.clevelandart.org/1988.20/1988.20_web.jpg,True
162397,796,https://openaccess-cdn.clevelandart.org/2002.92/2002.92_web.jpg,True
170877,797,https://openaccess-cdn.clevelandart.org/2013.347/2013.347_web.jpg,True
314378,798,https://openaccess-cdn.clevelandart.org/2018.119/2018.119_web.jpg,True
107362,799,https://openaccess-cdn.clevelandart.org/1925.1340/1925.1340_web.jpg,True
140096,800,https://openaccess-cdn.clevelandart.org/1964.105/1964.105_web.jpg,True
143650,801,https://openaccess-cdn.clevelandart.org/1968.105/1968.105_web.jpg,True
143653,802,https://openaccess-cdn.clevelandart.org/1968.108/1968.108_web.jpg,True
144270,803,https://openaccess-cdn.clevelandart.org/1969.109/1969.109_web.jpg,True
146712,804,https://openaccess-cdn.clevelandart.org/1972.16/1972.16_web.jpg,True
149600,805,https://openaccess-cdn.clevelandart.org/1979.23/1979.23_web.jpg,True
149611,806,https://openaccess-cdn.clevelandart.org/1979.27.1.5/1979.27.1.5_web.jpg,True
155592,807,https://openaccess-cdn.clevelandart.org/1990.40/1990.40_web.jpg,True
143768,808,https://openaccess-cdn.clevelandart.org/1968.206/1968.206_web.jpg,True
151377,809,https://openaccess-cdn.clevelandart.org/1983.217/1983.217_web.jpg,True
107357,810,https://openaccess-cdn.clevelandart.org/1925.1336/1925.1336_web.jpg,True
97139,811,https://openaccess-cdn.clevelandart.org/1916.779/1916.779_web.jpg,True
156160,812,https://openaccess-cdn.clevelandart.org/1991.80/1991.80_web.jpg,True
159835,813,https://openaccess-cdn.clevelandart.org/1997.147/1997.147_web.jpg,True
160208,814,https://openaccess-cdn.clevelandart.org/1998.120/1998.120_web.jpg,True
160946,815,https://openaccess-cdn.clevelandart.org/1999.216/1999.216_web.jpg,True
161781,816,https://openaccess-cdn.clevelandart.org/2001.120/2001.120_web.jpg,True
172573,817,https://openaccess-cdn.clevelandart.org/2015.63/2015.63_web.jpg,True
294203,818,https://openaccess-cdn.clevelandart.org/2017.6/2017.6_web.jpg,True
125949,819,https://openaccess-cdn.clevelandart.org/1948.181.1/1948.181.1_web.jpg,True
132016,820,https://openaccess-cdn.clevelandart.org/1954.583/1954.583_web.jpg,True
141186,821,https://openaccess-cdn.clevelandart.org/1964.43/1964.43_web.jpg,True
144255,822,https://openaccess-cdn.clevelandart.org/1969.1/1969.1_web.jpg,True
141303,823,https://openaccess-cdn.clevelandart.org/1964.52/1964.52_web.jpg,True
97189,824,https://openaccess-cdn.clevelandart.org/1916.823/1916.823_web.jpg,True
98000,825,https://openaccess-cdn.clevelandart.org/1917.63/1917.63_web.jpg,True
145924,826,https://openaccess-cdn.clevelandart.org/1971.136/1971.136_web.jpg,True
94983,827,https://openaccess-cdn.clevelandart.org/1915.536/1915.536_web.jpg,True
142293,828,https://openaccess-cdn.clevelandart.org/1966.125/1966.125_web.jpg,True
137940,829,https://openaccess-cdn.clevelandart.org/1962.279.66.a/1962.279.66.a_web.jpg,True
155097,830,https://openaccess-cdn.clevelandart.org/1989.87/1989.87_web.jpg,True
156183,831,https://openaccess-cdn.clevelandart.org/1992.1/1992.1_web.jpg,True
160947,832,https://openaccess-cdn.clevelandart.org/1999.216.1/1999.216.1_web.jpg,True
457341,833,https://openaccess-cdn.clevelandart.org/2022.40/2022.40_web.jpg,True
117715,834,https://openaccess-cdn.clevelandart.org/1938.333/1938.333_web.jpg,True
119703,835,https://openaccess-cdn.clevelandart.org/1940.540/1940.540_web.jpg,True
137903,836,https://openaccess-cdn.clevelandart.org/1962.279.49.b/1962.279.49.b_web.jpg,True
143307,837,https://openaccess-cdn.clevelandart.org/1967.241/1967.241_web.jpg,True
149079,838,https://openaccess-cdn.clevelandart.org/1977.203/1977.203_web.jpg,True
150038,839,https://openaccess-cdn.clevelandart.org/1980.251/1980.251_web.jpg,True
150507,840,https://openaccess-cdn.clevelandart.org/1981.63/1981.63_web.jpg,True
150694,841,https://openaccess-cdn.clevelandart.org/1982.125/1982.125_web.jpg,True
150903,842,https://openaccess-cdn.clevelandart.org/1982.29.2/1982.29.2_web.jpg,True
154757,843,https://openaccess-cdn.clevelandart.org/1989.337/1989.337_web.jpg,True
157007,844,https://openaccess-cdn.clevelandart.org/1993.159/1993.159_web.jpg,True
161266,845,https://openaccess-cdn.clevelandart.org/1999.43/1999.43_web.jpg,True
170839,846,https://openaccess-cdn.clevelandart.org/2013.327/2013.327_web.jpg,True
128877,847,https://openaccess-cdn.clevelandart.org/1951.486/1951.486_web.jpg,True
113027,848,https://openaccess-cdn.clevelandart.org/1932.119/1932.119_web.jpg,True
142659,849,https://openaccess-cdn.clevelandart.org/1966.382/1966.382_web.jpg,True
150023,850,https://openaccess-cdn.clevelandart.org/1980.238.1/1980.238.1_web.jpg,True
149803,851,https://openaccess-cdn.clevelandart.org/1980.101/1980.101_web.jpg,True
141166,852,https://openaccess-cdn.clevelandart.org/1964.419/1964.419_web.jpg,True
159726,853,https://openaccess-cdn.clevelandart.org/1997.101/1997.101_web.jpg,True
160858,854,https://openaccess-cdn.clevelandart.org/1999.15/1999.15_web.jpg,True
160860,855,https://openaccess-cdn.clevelandart.org/1999.15.2/1999.15.2_web.jpg,True
126722,856,https://openaccess-cdn.clevelandart.org/1949.152/1949.152_web.jpg,True
137577,857,https://openaccess-cdn.clevelandart.org/1962.279.200.b/1962.279.200.b_web.jpg,True
145882,858,https://openaccess-cdn.clevelandart.org/1971.130/1971.130_web.jpg,True
149612,859,https://openaccess-cdn.clevelandart.org/1979.27.1.6/1979.27.1.6_web.jpg,True
170893,860,https://openaccess-cdn.clevelandart.org/2013.352/2013.352_web.jpg,True
143304,861,https://openaccess-cdn.clevelandart.org/1967.239/1967.239_web.jpg,True
152833,862,https://openaccess-cdn.clevelandart.org/1985.71.9/1985.71.9_web.jpg,True
444766,863,https://openaccess-cdn.clevelandart.org/2021.132.2/2021.132.2_web.jpg,True
105480,864,https://openaccess-cdn.clevelandart.org/1923.602/1923.602_web.jpg,True
137896,865,https://openaccess-cdn.clevelandart.org/1962.279.46.a/1962.279.46.a_web.jpg,True
137897,866,https://openaccess-cdn.clevelandart.org/1962.279.46.b/1962.279.46.b_web.jpg,True
152823,867,https://openaccess-cdn.clevelandart.org/1985.71.10/1985.71.10_web.jpg,True
152826,868,https://openaccess-cdn.clevelandart.org/1985.71.2/1985.71.2_web.jpg,True
154759,869,https://openaccess-cdn.clevelandart.org/1989.339/1989.339_web.jpg,True
155625,870,https://openaccess-cdn.clevelandart.org/1990.69/1990.69_web.jpg,True
163206,871,https://openaccess-cdn.clevelandart.org/2004.110/2004.110_web.jpg,True
148810,872,https://openaccess-cdn.clevelandart.org/1976.59/1976.59_web.jpg,True
140440,873,https://openaccess-cdn.clevelandart.org/1964.371/1964.371_web.jpg,True
97152,874,https://openaccess-cdn.clevelandart.org/1916.790/1916.790_web.jpg,True
141727,875,https://openaccess-cdn.clevelandart.org/1965.31/1965.31_web.jpg,True
151882,876,https://openaccess-cdn.clevelandart.org/1984.175/1984.175_web.jpg,True
97170,877,https://openaccess-cdn.clevelandart.org/1916.806/1916.806_web.jpg,True
126771,878,https://openaccess-cdn.clevelandart.org/1949.187.1/1949.187.1_web.jpg,True
124012,879,https://openaccess-cdn.clevelandart.org/1944.498/1944.498_web.jpg,True
137472,880,https://openaccess-cdn.clevelandart.org/1962.279.152.a/1962.279.152.a_web.jpg,True
137561,881,https://openaccess-cdn.clevelandart.org/1962.279.194.b/1962.279.194.b_web.jpg,True
137564,882,https://openaccess-cdn.clevelandart.org/1962.279.196.a/1962.279.196.a_web.jpg,True
140321,883,https://openaccess-cdn.clevelandart.org/1964.278/1964.278_web.jpg,True
142546,884,https://openaccess-cdn.clevelandart.org/1966.29/1966.29_web.jpg,True
146023,885,https://openaccess-cdn.clevelandart.org/1971.220/1971.220_web.jpg,True
148770,886,https://openaccess-cdn.clevelandart.org/1976.27.b/1976.27.b_web.jpg,True
149083,887,https://openaccess-cdn.clevelandart.org/1977.207/1977.207_web.jpg,True
149606,888,https://openaccess-cdn.clevelandart.org/1979.27.1.10/1979.27.1.10_web.jpg,True
149614,889,https://openaccess-cdn.clevelandart.org/1979.27.1.8/1979.27.1.8_web.jpg,True
150129,890,https://openaccess-cdn.clevelandart.org/1980.5/1980.5_web.jpg,True
152333,891,https://openaccess-cdn.clevelandart.org/1985.192/1985.192_web.jpg,True
154752,892,https://openaccess-cdn.clevelandart.org/1989.332/1989.332_web.jpg,True
156172,893,https://openaccess-cdn.clevelandart.org/1991.9/1991.9_web.jpg,True
156976,894,https://openaccess-cdn.clevelandart.org/1993.132/1993.132_web.jpg,True
161326,895,https://openaccess-cdn.clevelandart.org/1999.90/1999.90_web.jpg,True
162901,896,https://openaccess-cdn.clevelandart.org/2003.38/2003.38_web.jpg,True
170084,897,https://openaccess-cdn.clevelandart.org/2012.301/2012.301_web.jpg,True
170788,898,https://openaccess-cdn.clevelandart.org/2013.295/2013.295_web.jpg,True
170803,899,https://openaccess-cdn.clevelandart.org/2013.304/2013.304_web.jpg,True
170807,900,https://openaccess-cdn.clevelandart.org/2013.308/2013.308_web.jpg,True
170808,901,https://openaccess-cdn.clevelandart.org/2013.309/2013.309_web.jpg,True
170814,902,https://openaccess-cdn.clevelandart.org/2013.312/2013.312_web.jpg,True
170815,903,https://openaccess-cdn.clevelandart.org/2013.313/2013.313_web.jpg,True
170868,904,https://openaccess-cdn.clevelandart.org/2013.342/2013.342_web.jpg,True
170869,905,https://openaccess-cdn.clevelandart.org/2013.342.a/2013.342.a_web.jpg,True
170887,906,https://openaccess-cdn.clevelandart.org/2013.350/2013.350_web.jpg,True
170888,907,https://openaccess-cdn.clevelandart.org/2013.350.a/2013.350.a_web.jpg,True
135483,908,https://openaccess-cdn.clevelandart.org/1958.472/1958.472_web.jpg,True
97148,909,https://openaccess-cdn.clevelandart.org/1916.787/1916.787_web.jpg,True
132305,910,https://openaccess-cdn.clevelandart.org/1954.788/1954.788_web.jpg,True
117658,911,https://openaccess-cdn.clevelandart.org/1938.301.189.b/1938.301.189.b_web.jpg,True
130365,912,https://openaccess-cdn.clevelandart.org/1953.13/1953.13_web.jpg,True
145831,913,https://openaccess-cdn.clevelandart.org/1971.126.b/1971.126.b_web.jpg,True
147506,914,https://openaccess-cdn.clevelandart.org/1973.237/1973.237_web.jpg,True
148384,915,https://openaccess-cdn.clevelandart.org/1975.95/1975.95_web.jpg,True
149419,916,https://openaccess-cdn.clevelandart.org/1978.71/1978.71_web.jpg,True
150055,917,https://openaccess-cdn.clevelandart.org/1980.266/1980.266_web.jpg,True
152549,918,https://openaccess-cdn.clevelandart.org/1985.365/1985.365_web.jpg,True
160460,919,https://openaccess-cdn.clevelandart.org/1998.286.b/1998.286.b_web.jpg,True
163143,920,https://openaccess-cdn.clevelandart.org/2004.1.43/2004.1.43_web.jpg,True
170796,921,https://openaccess-cdn.clevelandart.org/2013.301/2013.301_web.jpg,True
170880,922,https://openaccess-cdn.clevelandart.org/2013.348/2013.348_web.jpg,True
170881,923,https://openaccess-cdn.clevelandart.org/2013.348.a/2013.348.a_web.jpg,True
170883,924,https://openaccess-cdn.clevelandart.org/2013.349/2013.349_web.jpg,True
170884,925,https://openaccess-cdn.clevelandart.org/2013.349.a/2013.349.a_web.jpg,True
314368,926,https://openaccess-cdn.clevelandart.org/2018.117/2018.117_web.jpg,True
314369,927,https://openaccess-cdn.clevelandart.org/2018.118/2018.118_web.jpg,True
314476,928,https://openaccess-cdn.clevelandart.org/2018.171/2018.171_web.jpg,True
314507,929,https://openaccess-cdn.clevelandart.org/2018.201/2018.201_web.jpg,True
394516,930,https://openaccess-cdn.clevelandart.org/2020.258/2020.258_web.jpg,True
132919,931,https://openaccess-cdn.clevelandart.org/1955.37/1955.37_web.jpg,True
119698,932,https://openaccess-cdn.clevelandart.org/1940.535/1940.535_web.jpg,True
115988,933,https://openaccess-cdn.clevelandart.org/1936.685/1936.685_web.jpg,True
128458,934,https://openaccess-cdn.clevelandart.org/1951.397/1951.397_web.jpg,True
140267,935,https://openaccess-cdn.clevelandart.org/1964.242/1964.242_web.jpg,True
130162,936,https://openaccess-cdn.clevelandart.org/1952.541/1952.541_web.jpg,True
160528,937,https://openaccess-cdn.clevelandart.org/1998.31/1998.31_web.jpg,True
163106,938,https://openaccess-cdn.clevelandart.org/2004.1.1/2004.1.1_web.jpg,True
137331,939,https://openaccess-cdn.clevelandart.org/1962.256/1962.256_web.jpg,True
107360,940,https://openaccess-cdn.clevelandart.org/1925.1339/1925.1339_web.jpg,True
114209,941,https://openaccess-cdn.clevelandart.org/1933.453/1933.453_web.jpg,True
118041,942,https://openaccess-cdn.clevelandart.org/1939.164/1939.164_web.jpg,True
137458,943,https://openaccess-cdn.clevelandart.org/1962.279.146.a/1962.279.146.a_web.jpg,True
137716,944,https://openaccess-cdn.clevelandart.org/1962.279.27.a/1962.279.27.a_web.jpg,True
137753,945,https://openaccess-cdn.clevelandart.org/1962.279.287.b/1962.279.287.b_web.jpg,True
144693,946,https://openaccess-cdn.clevelandart.org/1969.35/1969.35_web.jpg,True
147592,947,https://openaccess-cdn.clevelandart.org/1973.86/1973.86_web.jpg,True
148360,948,https://openaccess-cdn.clevelandart.org/1975.73/1975.73_web.jpg,True
149662,949,https://openaccess-cdn.clevelandart.org/1979.54/1979.54_web.jpg,True
150051,950,https://openaccess-cdn.clevelandart.org/1980.262/1980.262_web.jpg,True
150687,951,https://openaccess-cdn.clevelandart.org/1982.119/1982.119_web.jpg,True
152184,952,https://openaccess-cdn.clevelandart.org/1985.110/1985.110_web.jpg,True
170805,953,https://openaccess-cdn.clevelandart.org/2013.306/2013.306_web.jpg,True
170874,954,https://openaccess-cdn.clevelandart.org/2013.344/2013.344_web.jpg,True
170875,955,https://openaccess-cdn.clevelandart.org/2013.345/2013.345_web.jpg,True
299308,956,https://openaccess-cdn.clevelandart.org/2017.65/2017.65_web.jpg,True
314365,957,https://openaccess-cdn.clevelandart.org/2018.114/2018.114_web.jpg,True
314140,958,https://openaccess-cdn.clevelandart.org/2018.89/2018.89_web.jpg,True
137613,959,https://openaccess-cdn.clevelandart.org/1962.279.219.b/1962.279.219.b_web.jpg,True
151480,960,https://openaccess-cdn.clevelandart.org/1983.5/1983.5_web.jpg,True
151879,961,https://openaccess-cdn.clevelandart.org/1984.172/1984.172_web.jpg,True
163146,962,https://openaccess-cdn.clevelandart.org/2004.1.46/2004.1.46_web.jpg,True
169257,963,https://openaccess-cdn.clevelandart.org/2011.141/2011.141_web.jpg,True
170895,964,https://openaccess-cdn.clevelandart.org/2013.354/2013.354_web.jpg,True
146195,965,https://openaccess-cdn.clevelandart.org/1971.85/1971.85_web.jpg,True
146196,966,https://openaccess-cdn.clevelandart.org/1971.86/1971.86_web.jpg,True
146878,967,https://openaccess-cdn.clevelandart.org/1972.285/1972.285_web.jpg,True
154767,968,https://openaccess-cdn.clevelandart.org/1989.344/1989.344_web.jpg,True
162450,969,https://openaccess-cdn.clevelandart.org/2003.113.b/2003.113.b_web.jpg,True
130218,970,https://openaccess-cdn.clevelandart.org/1952.587/1952.587_web.jpg,True
150022,971,https://openaccess-cdn.clevelandart.org/1980.238/1980.238_web.jpg,True
134933,972,https://openaccess-cdn.clevelandart.org/1957.489/1957.489_web.jpg,True
143221,973,https://openaccess-cdn.clevelandart.org/1967.18/1967.18_web.jpg,True
99450,974,https://openaccess-cdn.clevelandart.org/1919.1020/1919.1020_web.jpg,True
133072,975,https://openaccess-cdn.clevelandart.org/1955.49.2/1955.49.2_web.jpg,True
137907,976,https://openaccess-cdn.clevelandart.org/1962.279.50.b/1962.279.50.b_web.jpg,True
148362,977,https://openaccess-cdn.clevelandart.org/1975.75/1975.75_web.jpg,True
97141,978,https://openaccess-cdn.clevelandart.org/1916.780/1916.780_web.jpg,True
135953,979,https://openaccess-cdn.clevelandart.org/1959.45/1959.45_web.jpg,True
159727,980,https://openaccess-cdn.clevelandart.org/1997.102/1997.102_web.jpg,True
146752,981,https://openaccess-cdn.clevelandart.org/1972.19/1972.19_web.jpg,True
148864,982,https://openaccess-cdn.clevelandart.org/1977.1/1977.1_web.jpg,True
150077,983,https://openaccess-cdn.clevelandart.org/1980.282/1980.282_web.jpg,True
95171,984,https://openaccess-cdn.clevelandart.org/1915.680/1915.680_web.jpg,True
107359,985,https://openaccess-cdn.clevelandart.org/1925.1338/1925.1338_web.jpg,True
128371,986,https://openaccess-cdn.clevelandart.org/1951.330/1951.330_web.jpg,True
136298,987,https://openaccess-cdn.clevelandart.org/1960.184/1960.184_web.jpg,True
137361,988,https://openaccess-cdn.clevelandart.org/1962.279.10.b/1962.279.10.b_web.jpg,True
137767,989,https://openaccess-cdn.clevelandart.org/1962.279.293.b/1962.279.293.b_web.jpg,True
137801,990,https://openaccess-cdn.clevelandart.org/1962.279.308.b/1962.279.308.b_web.jpg,True
138011,991,https://openaccess-cdn.clevelandart.org/1962.279.98.b/1962.279.98.b_web.jpg,True
142535,992,https://openaccess-cdn.clevelandart.org/1966.28/1966.28_web.jpg,True
539459,993,https://openaccess-cdn.clevelandart.org/1968.108.a/1968.108.a_web.jpg,True
539460,994,https://openaccess-cdn.clevelandart.org/1968.108.b/1968.108.b_web.jpg,True
145852,995,https://openaccess-cdn.clevelandart.org/1971.128/1971.128_web.jpg,True
145884,996,https://openaccess-cdn.clevelandart.org/1971.131/1971.131_web.jpg,True
146117,997,https://openaccess-cdn.clevelandart.org/1971.301/1971.301_web.jpg,True
148768,998,https://openaccess-cdn.clevelandart.org/1976.27/1976.27_web.jpg,True
149613,999,https://openaccess-cdn.clevelandart.org/1979.27.1.7/1979.27.1.7_web.jpg,True
149617,1000,https://openaccess-cdn.clevelandart.org/1979.27.2.12/1979.27.2.12_web.jpg,True
149623,1001,https://openaccess-cdn.clevelandart.org/1979.27.2.18/1979.27.2.18_web.jpg,True
152409,1002,https://openaccess-cdn.clevelandart.org/1985.247/1985.247_web.jpg,True
153626,1003,https://openaccess-cdn.clevelandart.org/1987.153.a/1987.153.a_web.jpg,True
154405,1004,https://openaccess-cdn.clevelandart.org/1989.119/1989.119_web.jpg,True
154756,1005,https://openaccess-cdn.clevelandart.org/1989.336/1989.336_web.jpg,True
156864,1006,https://openaccess-cdn.clevelandart.org/1992.77/1992.77_web.jpg,True
157563,1007,https://openaccess-cdn.clevelandart.org/1994.94/1994.94_web.jpg,True
159504,1008,https://openaccess-cdn.clevelandart.org/1996.274/1996.274_web.jpg,True
159533,1009,https://openaccess-cdn.clevelandart.org/1996.296/1996.296_web.jpg,True
159739,1010,https://openaccess-cdn.clevelandart.org/1997.111/1997.111_web.jpg,True
162460,1011,https://openaccess-cdn.clevelandart.org/2003.120/2003.120_web.jpg,True
170764,1012,https://openaccess-cdn.clevelandart.org/2013.282/2013.282_web.jpg,True
170813,1013,https://openaccess-cdn.clevelandart.org/2013.311/2013.311_web.jpg,True
170819,1014,https://openaccess-cdn.clevelandart.org/2013.315.1.a/2013.315.1.a_web.jpg,True
170834,1015,https://openaccess-cdn.clevelandart.org/2013.324/2013.324_web.jpg,True
170853,1016,https://openaccess-cdn.clevelandart.org/2013.335.a/2013.335.a_web.jpg,True
170865,1017,https://openaccess-cdn.clevelandart.org/2013.341/2013.341_web.jpg,True
314366,1018,https://openaccess-cdn.clevelandart.org/2018.115/2018.115_web.jpg,True
314480,1019,https://openaccess-cdn.clevelandart.org/2018.175/2018.175_web.jpg,True
137390,1020,https://openaccess-cdn.clevelandart.org/1962.279.113.a/1962.279.113.a_web.jpg,True
137431,1021,https://openaccess-cdn.clevelandart.org/1962.279.132.b/1962.279.132.b_web.jpg,True
137888,1022,https://openaccess-cdn.clevelandart.org/1962.279.42.a/1962.279.42.a_web.jpg,True
145829,1023,https://openaccess-cdn.clevelandart.org/1971.126/1971.126_web.jpg,True
147144,1024,https://openaccess-cdn.clevelandart.org/1973.104/1973.104_web.jpg,True
159482,1025,https://openaccess-cdn.clevelandart.org/1996.256/1996.256_web.jpg,True
163151,1026,https://openaccess-cdn.clevelandart.org/2004.1.50/2004.1.50_web.jpg,True
170849,1027,https://openaccess-cdn.clevelandart.org/2013.332/2013.332_web.jpg,True
86400,1028,https://openaccess-cdn.clevelandart.org/2015.137/2015.137_web.jpg,True
387702,1029,https://openaccess-cdn.clevelandart.org/2020.204/2020.204_web.jpg,True
137135,1030,https://openaccess-cdn.clevelandart.org/1962.1/1962.1_web.jpg,True
128950,1031,https://openaccess-cdn.clevelandart.org/1951.540/1951.540_web.jpg,True
144286,1032,https://openaccess-cdn.clevelandart.org/1969.123/1969.123_web.jpg,True
124087,1033,https://openaccess-cdn.clevelandart.org/1944.89/1944.89_web.jpg,True
101852,1034,https://openaccess-cdn.clevelandart.org/1920.514/1920.514_web.jpg,True
152265,1035,https://openaccess-cdn.clevelandart.org/1985.145/1985.145_web.jpg,True
137388,1036,https://openaccess-cdn.clevelandart.org/1962.279.112.a/1962.279.112.a_web.jpg,True
137430,1037,https://openaccess-cdn.clevelandart.org/1962.279.132.a/1962.279.132.a_web.jpg,True
137580,1038,https://openaccess-cdn.clevelandart.org/1962.279.202.a/1962.279.202.a_web.jpg,True
137588,1039,https://openaccess-cdn.clevelandart.org/1962.279.207.a/1962.279.207.a_web.jpg,True
137621,1040,https://openaccess-cdn.clevelandart.org/1962.279.222.b/1962.279.222.b_web.jpg,True
137825,1041,https://openaccess-cdn.clevelandart.org/1962.279.32.b/1962.279.32.b_web.jpg,True
137916,1042,https://openaccess-cdn.clevelandart.org/1962.279.55.a/1962.279.55.a_web.jpg,True
137943,1043,https://openaccess-cdn.clevelandart.org/1962.279.67.b/1962.279.67.b_web.jpg,True
137944,1044,https://openaccess-cdn.clevelandart.org/1962.279.68.a/1962.279.68.a_web.jpg,True
137945,1045,https://openaccess-cdn.clevelandart.org/1962.279.68.b/1962.279.68.b_web.jpg,True
137953,1046,https://openaccess-cdn.clevelandart.org/1962.279.71.b/1962.279.71.b_web.jpg,True
137956,1047,https://openaccess-cdn.clevelandart.org/1962.279.73.a/1962.279.73.a_web.jpg,True
137986,1048,https://openaccess-cdn.clevelandart.org/1962.279.87.a/1962.279.87.a_web.jpg,True
138009,1049,https://openaccess-cdn.clevelandart.org/1962.279.97.b/1962.279.97.b_web.jpg,True
160803,1050,https://openaccess-cdn.clevelandart.org/1999.119/1999.119_web.jpg,True
163127,1051,https://openaccess-cdn.clevelandart.org/2004.1.29/2004.1.29_web.jpg,True
163142,1052,https://openaccess-cdn.clevelandart.org/2004.1.42/2004.1.42_web.jpg,True
163144,1053,https://openaccess-cdn.clevelandart.org/2004.1.44/2004.1.44_web.jpg,True
163145,1054,https://openaccess-cdn.clevelandart.org/2004.1.45/2004.1.45_web.jpg,True
86106,1055,https://openaccess-cdn.clevelandart.org/2015.509/2015.509_web.jpg,True
137478,1056,https://openaccess-cdn.clevelandart.org/1962.279.155.a/1962.279.155.a_web.jpg,True
124091,1057,https://openaccess-cdn.clevelandart.org/1944.92/1944.92_web.jpg,True
148990,1058,https://openaccess-cdn.clevelandart.org/1977.145/1977.145_web.jpg,True
150119,1059,https://openaccess-cdn.clevelandart.org/1980.40/1980.40_web.jpg,True
143138,1060,https://openaccess-cdn.clevelandart.org/1967.123/1967.123_web.jpg,True
143784,1061,https://openaccess-cdn.clevelandart.org/1968.22/1968.22_web.jpg,True
97149,1062,https://openaccess-cdn.clevelandart.org/1916.788/1916.788_web.jpg,True
148967,1063,https://openaccess-cdn.clevelandart.org/1977.124/1977.124_web.jpg,True
94605,1064,https://openaccess-cdn.clevelandart.org/1915.110/1915.110_web.jpg,True
173659,1065,https://openaccess-cdn.clevelandart.org/1915.702/1915.702_web.jpg,True
98870,1066,https://openaccess-cdn.clevelandart.org/1918.544/1918.544_web.jpg,True
137539,1067,https://openaccess-cdn.clevelandart.org/1962.279.183.b/1962.279.183.b_web.jpg,True
144082,1068,https://openaccess-cdn.clevelandart.org/1968.42/1968.42_web.jpg,True
151967,1069,https://openaccess-cdn.clevelandart.org/1984.4/1984.4_web.jpg,True
152324,1070,https://openaccess-cdn.clevelandart.org/1985.186/1985.186_web.jpg,True
153542,1071,https://openaccess-cdn.clevelandart.org/1987.1110/1987.1110_web.jpg,True
153778,1072,https://openaccess-cdn.clevelandart.org/1987.72.2/1987.72.2_web.jpg,True
159746,1073,https://openaccess-cdn.clevelandart.org/1997.118/1997.118_web.jpg,True
162438,1074,https://openaccess-cdn.clevelandart.org/2003.109.a/2003.109.a_web.jpg,True
162447,1075,https://openaccess-cdn.clevelandart.org/2003.112/2003.112_web.jpg,True
162480,1076,https://openaccess-cdn.clevelandart.org/2003.134.a/2003.134.a_web.jpg,True
162510,1077,https://openaccess-cdn.clevelandart.org/2003.152/2003.152_web.jpg,True
165425,1078,https://openaccess-cdn.clevelandart.org/2007.275/2007.275_web.jpg,True
170083,1079,https://openaccess-cdn.clevelandart.org/2012.300/2012.300_web.jpg,True
170774,1080,https://openaccess-cdn.clevelandart.org/2013.286/2013.286_web.jpg,True
170775,1081,https://openaccess-cdn.clevelandart.org/2013.287/2013.287_web.jpg,True
170781,1082,https://openaccess-cdn.clevelandart.org/2013.290/2013.290_web.jpg,True
170792,1083,https://openaccess-cdn.clevelandart.org/2013.299/2013.299_web.jpg,True
170830,1084,https://openaccess-cdn.clevelandart.org/2013.320/2013.320_web.jpg,True
170851,1085,https://openaccess-cdn.clevelandart.org/2013.334/2013.334_web.jpg,True
170861,1086,https://openaccess-cdn.clevelandart.org/2013.338/2013.338_web.jpg,True
170866,1087,https://openaccess-cdn.clevelandart.org/2013.341.a/2013.341.a_web.jpg,True
174005,1088,https://openaccess-cdn.clevelandart.org/2015.498/2015.498_web.jpg,True
314460,1089,https://openaccess-cdn.clevelandart.org/2018.155/2018.155_web.jpg,True
314473,1090,https://openaccess-cdn.clevelandart.org/2018.168/2018.168_web.jpg,True
314477,1091,https://openaccess-cdn.clevelandart.org/2018.172/2018.172_web.jpg,True
314501,1092,https://openaccess-cdn.clevelandart.org/2018.195/2018.195_web.jpg,True
314503,1093,https://openaccess-cdn.clevelandart.org/2018.197/2018.197_web.jpg,True
123149,1094,https://openaccess-cdn.clevelandart.org/1943.377/1943.377_web.jpg,True
113365,1095,https://openaccess-cdn.clevelandart.org/1932.36.a/1932.36.a_web.jpg,True
117673,1096,https://openaccess-cdn.clevelandart.org/1938.301.1.b/1938.301.1.b_web.jpg,True
137392,1097,https://openaccess-cdn.clevelandart.org/1962.279.114.a/1962.279.114.a_web.jpg,True
137395,1098,https://openaccess-cdn.clevelandart.org/1962.279.115.b/1962.279.115.b_web.jpg,True
137476,1099,https://openaccess-cdn.clevelandart.org/1962.279.154.a/1962.279.154.a_web.jpg,True
137493,1100,https://openaccess-cdn.clevelandart.org/1962.279.161.b/1962.279.161.b_web.jpg,True
137542,1101,https://openaccess-cdn.clevelandart.org/1962.279.185.a/1962.279.185.a_web.jpg,True
137566,1102,https://openaccess-cdn.clevelandart.org/1962.279.197.a/1962.279.197.a_web.jpg,True
137574,1103,https://openaccess-cdn.clevelandart.org/1962.279.20.a/1962.279.20.a_web.jpg,True
137583,1104,https://openaccess-cdn.clevelandart.org/1962.279.203.b/1962.279.203.b_web.jpg,True
137604,1105,https://openaccess-cdn.clevelandart.org/1962.279.215.a/1962.279.215.a_web.jpg,True
137697,1106,https://openaccess-cdn.clevelandart.org/1962.279.26.b/1962.279.26.b_web.jpg,True
137758,1107,https://openaccess-cdn.clevelandart.org/1962.279.29.a/1962.279.29.a_web.jpg,True
137894,1108,https://openaccess-cdn.clevelandart.org/1962.279.45.a/1962.279.45.a_web.jpg,True
137899,1109,https://openaccess-cdn.clevelandart.org/1962.279.47.b/1962.279.47.b_web.jpg,True
137911,1110,https://openaccess-cdn.clevelandart.org/1962.279.52.b/1962.279.52.b_web.jpg,True
137915,1111,https://openaccess-cdn.clevelandart.org/1962.279.54.b/1962.279.54.b_web.jpg,True
137942,1112,https://openaccess-cdn.clevelandart.org/1962.279.67.a/1962.279.67.a_web.jpg,True
137954,1113,https://openaccess-cdn.clevelandart.org/1962.279.72.a/1962.279.72.a_web.jpg,True
137979,1114,https://openaccess-cdn.clevelandart.org/1962.279.83.b/1962.279.83.b_web.jpg,True
137980,1115,https://openaccess-cdn.clevelandart.org/1962.279.84.a/1962.279.84.a_web.jpg,True
137990,1116,https://openaccess-cdn.clevelandart.org/1962.279.89.a/1962.279.89.a_web.jpg,True
137991,1117,https://openaccess-cdn.clevelandart.org/1962.279.89.b/1962.279.89.b_web.jpg,True
137998,1118,https://openaccess-cdn.clevelandart.org/1962.279.92.a/1962.279.92.a_web.jpg,True
138004,1119,https://openaccess-cdn.clevelandart.org/1962.279.95.a/1962.279.95.a_web.jpg,True
145815,1120,https://openaccess-cdn.clevelandart.org/1971.125.a/1971.125.a_web.jpg,True
150932,1121,https://openaccess-cdn.clevelandart.org/1982.34/1982.34_web.jpg,True
156124,1122,https://openaccess-cdn.clevelandart.org/1991.55/1991.55_web.jpg,True
160146,1123,https://openaccess-cdn.clevelandart.org/1998.102/1998.102_web.jpg,True
160490,1124,https://openaccess-cdn.clevelandart.org/1998.292/1998.292_web.jpg,True
163139,1125,https://openaccess-cdn.clevelandart.org/2004.1.4/2004.1.4_web.jpg,True
163147,1126,https://openaccess-cdn.clevelandart.org/2004.1.47/2004.1.47_web.jpg,True
163148,1127,https://openaccess-cdn.clevelandart.org/2004.1.48/2004.1.48_web.jpg,True
163149,1128,https://openaccess-cdn.clevelandart.org/2004.1.49/2004.1.49_web.jpg,True
170841,1129,https://openaccess-cdn.clevelandart.org/2013.329/2013.329_web.jpg,True
170842,1130,https://openaccess-cdn.clevelandart.org/2013.329.a/2013.329.a_web.jpg,True
170890,1131,https://openaccess-cdn.clevelandart.org/2013.351/2013.351_web.jpg,True
170891,1132,https://openaccess-cdn.clevelandart.org/2013.351.a/2013.351.a_web.jpg,True
79573,1133,https://openaccess-cdn.clevelandart.org/2015.464/2015.464_web.jpg,True
86107,1134,https://openaccess-cdn.clevelandart.org/2015.510/2015.510_web.jpg,True
304484,1135,https://openaccess-cdn.clevelandart.org/2017.101/2017.101_web.jpg,True
314237,1136,https://openaccess-cdn.clevelandart.org/2018.105/2018.105_web.jpg,True
314490,1137,https://openaccess-cdn.clevelandart.org/2018.184/2018.184_web.jpg,True
314125,1138,https://openaccess-cdn.clevelandart.org/2018.87/2018.87_web.jpg,True
314129,1139,https://openaccess-cdn.clevelandart.org/2018.88/2018.88_web.jpg,True
314230,1140,https://openaccess-cdn.clevelandart.org/2018.99/2018.99_web.jpg,True
399966,1141,https://openaccess-cdn.clevelandart.org/2022.59/2022.59_web.jpg,True
535124,1142,https://openaccess-cdn.clevelandart.org/2023.4/2023.4_web.jpg,True
150017,1143,https://openaccess-cdn.clevelandart.org/1980.233/1980.233_web.jpg,True
137332,1144,https://openaccess-cdn.clevelandart.org/1962.257/1962.257_web.jpg,True
148860,1145,https://openaccess-cdn.clevelandart.org/1976.97/1976.97_web.jpg,True
149290,1146,https://openaccess-cdn.clevelandart.org/1978.125/1978.125_web.jpg,True
150021,1147,https://openaccess-cdn.clevelandart.org/1980.237/1980.237_web.jpg,True
132833,1148,https://openaccess-cdn.clevelandart.org/1955.302/1955.302_web.jpg,True
153763,1149,https://openaccess-cdn.clevelandart.org/1987.60/1987.60_web.jpg,True
125941,1150,https://openaccess-cdn.clevelandart.org/1948.176/1948.176_web.jpg,True
137435,1151,https://openaccess-cdn.clevelandart.org/1962.279.134.b/1962.279.134.b_web.jpg,True
152424,1152,https://openaccess-cdn.clevelandart.org/1985.252/1985.252_web.jpg,True
314364,1153,https://openaccess-cdn.clevelandart.org/2018.113/2018.113_web.jpg,True
